timestamp,run,source_bytes,payload_bytes,rectangles,compressed,raw,planner_us,set_buffer_us,bulk_wait_us,transfer_us
6537.670891,managed-fullframe-lz4,3686400,14467,1,1,0,3275,635,682,4700
6537.901013,managed-fullframe-lz4,3686400,14467,1,1,0,7461,712,465,8751
6537.935756,managed-fullframe-lz4,3686400,14467,1,1,0,6506,498,458,7563
6537.964640,managed-fullframe-lz4,3686400,14467,1,1,0,3309,492,440,4328
6537.993309,managed-fullframe-lz4,3686400,14467,1,1,0,3278,649,440,4442
6538.020185,managed-fullframe-lz4,3686400,14467,1,1,0,3953,386,671,5073
6538.050665,managed-fullframe-lz4,3686400,14467,1,1,0,8447,488,476,9506
6538.078667,managed-fullframe-lz4,3686400,14467,1,1,0,8564,540,623,9822
6538.101343,managed-fullframe-lz4,3686400,14467,1,1,0,5542,464,434,6500
6538.123022,managed-fullframe-lz4,3686400,14467,1,1,0,4375,687,455,5575
6538.151025,managed-fullframe-lz4,3686400,14467,1,1,0,5266,498,471,6299
6538.174967,managed-fullframe-lz4,3686400,14467,1,1,0,4488,443,460,5452
6538.197748,managed-fullframe-lz4,3686400,14467,1,1,0,3485,375,426,4348
6538.222295,managed-fullframe-lz4,3686400,14467,1,1,0,3520,438,530,4550
6538.264020,managed-fullframe-lz4,3686400,14467,1,1,0,3310,770,914,5049
6538.306152,managed-fullframe-lz4,3686400,14467,1,1,0,20233,905,704,21893
6538.333402,managed-fullframe-lz4,3686400,14467,1,1,0,3769,479,438,4742
6538.355050,managed-fullframe-lz4,3686400,14467,1,1,0,2446,1290,1410,5305
6538.391835,managed-fullframe-lz4,3686400,14467,1,1,0,13855,830,637,15380
6538.415625,managed-fullframe-lz4,3686400,14467,1,1,0,3627,774,596,5040
6538.433937,managed-fullframe-lz4,3686400,14467,1,1,0,3608,641,436,4747
6538.458471,managed-fullframe-lz4,3686400,14467,1,1,0,3350,399,508,4318
6538.482166,managed-fullframe-lz4,3686400,14467,1,1,0,3755,380,426,4664
6538.528480,managed-fullframe-lz4,3686400,14467,1,1,0,3332,409,438,4242
6538.582603,managed-fullframe-lz4,3686400,14467,1,1,0,3604,418,434,4519
6538.638111,managed-fullframe-lz4,3686400,14467,1,1,0,4250,364,418,5088
6538.694200,managed-fullframe-lz4,3686400,14467,1,1,0,3329,391,435,4209
6538.746868,managed-fullframe-lz4,3686400,14467,1,1,0,3362,425,425,4272
6538.794921,managed-fullframe-lz4,3686400,14467,1,1,0,3662,461,441,4631
6538.838561,managed-fullframe-lz4,3686400,14467,1,1,0,5613,452,429,6598
6538.864495,managed-fullframe-lz4,3686400,14467,1,1,0,3582,542,430,4620
6538.893215,managed-fullframe-lz4,3686400,14467,1,1,0,3334,3133,696,7233
6538.923622,managed-fullframe-lz4,3686400,14467,1,1,0,3294,802,8278,12431
6538.941744,managed-fullframe-lz4,3686400,14467,1,1,0,3429,495,453,4434
6538.966978,managed-fullframe-lz4,3686400,14467,1,1,0,3259,432,429,4175
6538.992617,managed-fullframe-lz4,3686400,14467,1,1,0,3288,536,421,4300
6539.048392,managed-fullframe-lz4,3686400,14467,1,1,0,3419,464,430,4365
6539.075569,managed-fullframe-lz4,3686400,14467,1,1,0,3336,407,439,4297
6539.101070,managed-fullframe-lz4,3686400,14467,1,1,0,4157,412,434,5063
6539.126272,managed-fullframe-lz4,3686400,14467,1,1,0,3888,429,447,4819
6539.150867,managed-fullframe-lz4,3686400,14467,1,1,0,3626,392,429,4502
6539.176881,managed-fullframe-lz4,3686400,14467,1,1,0,4911,444,442,5866
6539.203057,managed-fullframe-lz4,3686400,14467,1,1,0,4617,521,427,5620
6539.228918,managed-fullframe-lz4,3686400,14467,1,1,0,4623,408,439,5533
6539.253491,managed-fullframe-lz4,3686400,14467,1,1,0,3304,393,535,4289
6539.302431,managed-fullframe-lz4,3686400,14467,1,1,0,3298,406,469,4228
6539.337212,managed-fullframe-lz4,3686400,14467,1,1,0,3777,431,432,4693
6539.366457,managed-fullframe-lz4,3686400,14467,1,1,0,5367,758,454,6647
6539.396617,managed-fullframe-lz4,3686400,14467,1,1,0,7600,527,447,8664
6539.426728,managed-fullframe-lz4,3686400,14467,1,1,0,8711,514,450,9763
6539.453860,managed-fullframe-lz4,3686400,14467,1,1,0,7556,423,457,8524
6539.479162,managed-fullframe-lz4,3686400,14467,1,1,0,7626,490,464,9062
6539.504264,managed-fullframe-lz4,3686400,14467,1,1,0,7131,420,664,8298
6539.528525,managed-fullframe-lz4,3686400,14467,1,1,0,6650,440,436,7615
6539.554772,managed-fullframe-lz4,3686400,14467,1,1,0,7793,512,598,9007
6539.578867,managed-fullframe-lz4,3686400,14467,1,1,0,7479,468,467,8509
6539.605244,managed-fullframe-lz4,3686400,14467,1,1,0,7568,543,476,8676
6539.630372,managed-fullframe-lz4,3686400,14467,1,1,0,7543,480,448,8565
6539.656024,managed-fullframe-lz4,3686400,14467,1,1,0,7473,986,965,9514
6539.679230,managed-fullframe-lz4,3686400,14467,1,1,0,7591,480,504,8669
6539.705290,managed-fullframe-lz4,3686400,14467,1,1,0,7569,517,484,8660
6539.730242,managed-fullframe-lz4,3686400,14467,1,1,0,7572,949,465,9082
6539.755380,managed-fullframe-lz4,3686400,14467,1,1,0,7649,676,464,8882
6539.780689,managed-fullframe-lz4,3686400,14467,1,1,0,7590,420,445,8547
6539.807623,managed-fullframe-lz4,3686400,14467,1,1,0,8033,569,474,9166
6539.831480,managed-fullframe-lz4,3686400,14467,1,1,0,7920,417,458,8888
6539.857611,managed-fullframe-lz4,3686400,14467,1,1,0,7800,509,463,8860
6539.881846,managed-fullframe-lz4,3686400,14467,1,1,0,7573,416,443,8528
6539.906872,managed-fullframe-lz4,3686400,14467,1,1,0,7589,436,451,8565
6539.931185,managed-fullframe-lz4,3686400,14467,1,1,0,7479,430,454,8455
6539.957362,managed-fullframe-lz4,3686400,14467,1,1,0,7565,416,452,8522
6539.982122,managed-fullframe-lz4,3686400,14467,1,1,0,3858,428,416,4767
6540.005761,managed-fullframe-lz4,3686400,14467,1,1,0,6116,888,448,7558
6540.029398,managed-fullframe-lz4,3686400,14467,1,1,0,5784,501,448,6812
6540.056042,managed-fullframe-lz4,3686400,14467,1,1,0,7816,440,470,8816
6540.079948,managed-fullframe-lz4,3686400,14467,1,1,0,5750,395,434,6636
6540.101958,managed-fullframe-lz4,3686400,14467,1,1,0,3856,788,434,5143
6540.131776,managed-fullframe-lz4,3686400,14467,1,1,0,8013,610,467,9191
6540.156598,managed-fullframe-lz4,3686400,14467,1,1,0,7601,444,465,8609
6540.182279,managed-fullframe-lz4,3686400,14467,1,1,0,7656,410,483,8778
6540.206951,managed-fullframe-lz4,3686400,14467,1,1,0,7714,729,465,9006
6540.235026,managed-fullframe-lz4,3686400,14467,1,1,0,7875,469,482,8929
6540.258224,managed-fullframe-lz4,3686400,29290,1,1,0,3634,582,812,5114
6540.283477,managed-fullframe-lz4,3686400,29290,1,1,0,5498,648,838,7103
6540.310601,managed-fullframe-lz4,3686400,29290,1,1,0,7689,514,843,9145
6540.338011,managed-fullframe-lz4,3686400,29290,1,1,0,7745,523,832,9201
6540.365603,managed-fullframe-lz4,3686400,29290,1,1,0,7687,491,834,9118
6540.392884,managed-fullframe-lz4,3686400,29290,1,1,0,7606,988,882,9575
6540.420354,managed-fullframe-lz4,3686400,29290,1,1,0,7700,494,805,9091
6540.457521,managed-fullframe-lz4,3686400,29290,1,1,0,9563,1820,906,12350
6540.479847,managed-fullframe-lz4,3686400,29290,1,1,0,3404,500,804,4770
6540.502743,managed-fullframe-lz4,3686400,29290,1,1,0,3566,468,822,4918
6540.525613,managed-fullframe-lz4,3686400,29676,1,1,0,2174,488,908,3760
6540.550072,managed-fullframe-lz4,3686400,29676,1,1,0,3464,480,815,4827
6540.576261,managed-fullframe-lz4,3686400,29676,1,1,0,3693,459,842,5053
6540.601571,managed-fullframe-lz4,3686400,29676,1,1,0,3634,485,825,5009
6540.627825,managed-fullframe-lz4,3686400,29676,1,1,0,3546,470,837,4917
6540.653881,managed-fullframe-lz4,3686400,29676,1,1,0,3463,783,812,5118
6540.774018,managed-fullframe-lz4,3686400,1891678,1,1,0,50412,1034,46270,98281
6540.891625,managed-fullframe-lz4,3686400,2471679,1,1,0,52373,1003,60081,114396
6541.006641,managed-fullframe-lz4,3686400,2849238,1,1,0,39607,1114,69281,110780
6541.120233,managed-fullframe-lz4,3686400,2846070,1,1,0,39735,1065,69190,110756
6541.234469,managed-fullframe-lz4,3686400,2846013,1,1,0,39720,1303,69165,110951
6541.349831,managed-fullframe-lz4,3686400,2846013,1,1,0,39712,1407,69062,111334
6541.504516,managed-fullframe-lz4,3686400,2846013,1,1,0,76376,3622,69350,150110
6541.637146,managed-fullframe-lz4,3686400,2846013,1,1,0,40441,2663,68943,112878
6541.779696,managed-fullframe-lz4,3686400,2846013,1,1,0,51134,3065,68896,123864
6541.930113,managed-fullframe-lz4,3686400,2846013,1,1,0,57698,3631,68898,131051
6542.066662,managed-fullframe-lz4,3686400,2846013,1,1,0,60685,2848,69153,133456
6542.241422,managed-fullframe-lz4,3686400,2846013,1,1,0,82933,2887,69605,156231
6542.420116,managed-fullframe-lz4,3686400,2846013,1,1,0,84894,3157,69132,158022
6542.587772,managed-fullframe-lz4,3686400,2846013,1,1,0,75661,2785,69127,148547
6542.746826,managed-fullframe-lz4,3686400,2846013,1,1,0,67330,2959,69213,140230
6542.863015,managed-fullframe-lz4,3686400,2846013,1,1,0,39819,2947,69257,113280
6542.995785,managed-fullframe-lz4,3686400,2846013,1,1,0,40655,3715,69206,114403
6543.166526,managed-fullframe-lz4,3686400,2846013,1,1,0,78959,2894,69221,152150
6543.282442,managed-fullframe-lz4,3686400,2846013,1,1,0,40133,2913,69252,113254
6543.414746,managed-fullframe-lz4,3686400,2846013,1,1,0,39891,3625,69250,113540
6543.586810,managed-fullframe-lz4,3686400,2846013,1,1,0,77788,3586,70328,152501
6543.705209,managed-fullframe-lz4,3686400,2846013,1,1,0,39880,3830,70204,114801
6543.853510,managed-fullframe-lz4,3686400,2846013,1,1,0,49424,3587,70026,123836
6544.028825,managed-fullframe-lz4,3686400,2846013,1,1,0,74750,3864,70442,149838
6544.207167,managed-fullframe-lz4,3686400,2846013,1,1,0,74534,3509,70989,149888
6544.386124,managed-fullframe-lz4,3686400,2846013,1,1,0,78073,4255,70218,153336
6544.504505,managed-fullframe-lz4,3686400,2846013,1,1,0,39760,4187,70439,115228
6544.643469,managed-fullframe-lz4,3686400,2845965,1,1,0,39888,3661,70395,114796
6544.809333,managed-fullframe-lz4,3686400,2845821,1,1,0,64146,3997,70066,139032
6544.951333,managed-fullframe-lz4,3686400,2845983,1,1,0,63416,3809,70204,138399
6545.091275,managed-fullframe-lz4,3686400,2846115,1,1,0,62655,1742,70759,136013
6545.231285,managed-fullframe-lz4,3686400,2845968,1,1,0,61344,3845,70287,136299
6545.390076,managed-fullframe-lz4,3686400,2845726,1,1,0,59944,1322,70589,132668
6545.532929,managed-fullframe-lz4,3686400,2845726,1,1,0,62719,5282,70182,139041
6545.693162,managed-fullframe-lz4,3686400,2845726,1,1,0,60680,4142,70328,136024
6545.830099,managed-fullframe-lz4,3686400,2846034,1,1,0,59568,1957,70269,133094
6545.960167,managed-fullframe-lz4,3686400,2845917,1,1,0,50743,4067,70268,126010
6546.093836,managed-fullframe-lz4,3686400,2845917,1,1,0,57911,1132,70221,130130
6546.233471,managed-fullframe-lz4,3686400,2845881,1,1,0,60001,4236,70667,135707
6546.392416,managed-fullframe-lz4,3686400,2846065,1,1,0,59832,3797,70195,134662
6546.550256,managed-fullframe-lz4,3686400,2846257,1,1,0,60959,1809,70538,134101
6546.692360,managed-fullframe-lz4,3686400,2846234,1,1,0,63125,4039,70330,138389
6546.829839,managed-fullframe-lz4,3686400,2846181,1,1,0,61654,1623,69711,133812
6546.961555,managed-fullframe-lz4,3686400,2845784,1,1,0,49807,4753,70835,126336
6547.094351,managed-fullframe-lz4,3686400,2846206,1,1,0,54642,3563,70295,129309
6547.231478,managed-fullframe-lz4,3686400,2845956,1,1,0,59399,2359,70149,132897
6547.371851,managed-fullframe-lz4,3686400,2846192,1,1,0,61006,4043,70196,136042
6547.509862,managed-fullframe-lz4,3686400,2846216,1,1,0,61016,1458,70574,134123
6547.651057,managed-fullframe-lz4,3686400,2846132,1,1,0,62820,3747,70167,137523
6547.799988,managed-fullframe-lz4,3686400,2846140,1,1,0,49533,3634,70272,124364
6547.934712,managed-fullframe-lz4,3686400,2846244,1,1,0,57549,2022,70948,131291
6548.052784,managed-fullframe-lz4,3686400,2846093,1,1,0,39855,3730,69980,114485
6548.221747,managed-fullframe-lz4,3686400,2845986,1,1,0,69072,1478,70318,141643
6548.343938,managed-fullframe-lz4,3686400,2845986,1,1,0,39858,4248,70635,115591
6548.482970,managed-fullframe-lz4,3686400,2846020,1,1,0,39715,3720,70224,114505
6548.600959,managed-fullframe-lz4,3686400,2845944,1,1,0,39715,3748,70329,114562
6548.740152,managed-fullframe-lz4,3686400,2846146,1,1,0,39627,3860,70223,114533
6548.895169,managed-fullframe-lz4,3686400,2846306,1,1,0,58238,1570,70077,130970
6549.034095,managed-fullframe-lz4,3686400,2846112,1,1,0,59660,4092,70473,135087
6549.203499,managed-fullframe-lz4,3686400,2846155,1,1,0,68756,1274,70500,141354
6549.321534,managed-fullframe-lz4,3686400,2846697,1,1,0,39795,1798,70358,112785
6549.441682,managed-fullframe-lz4,3686400,2846836,1,1,0,39788,4452,71095,116324
6549.582863,managed-fullframe-lz4,3686400,2846569,1,1,0,39883,1093,70271,112043
6549.702560,managed-fullframe-lz4,3686400,2845992,1,1,0,39903,4825,70241,115789
6549.842838,managed-fullframe-lz4,3686400,2845857,1,1,0,40050,3647,71243,115786
6550.007506,managed-fullframe-lz4,3686400,2846066,1,1,0,65286,1855,70306,138486
6550.127020,managed-fullframe-lz4,3686400,2846071,1,1,0,39847,4032,70099,115203
6550.266963,managed-fullframe-lz4,3686400,2846188,1,1,0,39860,1212,70492,112348
6550.384081,managed-fullframe-lz4,3686400,2846081,1,1,0,39800,1917,70773,113268
6550.502991,managed-fullframe-lz4,3686400,2846277,1,1,0,39870,4287,70215,115149
6550.643546,managed-fullframe-lz4,3686400,2846277,1,1,0,40935,1096,70793,113616
6550.762836,managed-fullframe-lz4,3686400,2846277,1,1,0,39838,3854,70327,114834
6550.902536,managed-fullframe-lz4,3686400,2846277,1,1,0,39927,3797,70191,114731
6551.068538,managed-fullframe-lz4,3686400,2846217,1,1,0,66533,3868,70427,141606
6551.231249,managed-fullframe-lz4,3686400,2846483,1,1,0,63406,3958,70202,138372
6551.369562,managed-fullframe-lz4,3686400,2846635,1,1,0,61975,1524,70138,134445
6551.510401,managed-fullframe-lz4,3686400,2846259,1,1,0,62443,3887,70195,137357
6551.670789,managed-fullframe-lz4,3686400,2846260,1,1,0,58100,1394,70132,130508
6551.801457,managed-fullframe-lz4,3686400,2846262,1,1,0,49808,3750,70346,125121
6551.968877,managed-fullframe-lz4,3686400,2846262,1,1,0,67377,3740,70689,142597
6552.085884,managed-fullframe-lz4,3686400,2846609,1,1,0,39701,2494,70261,113378
6552.203996,managed-fullframe-lz4,3686400,2846707,1,1,0,39747,3878,70253,114656
6552.343765,managed-fullframe-lz4,3686400,2846819,1,1,0,39571,1342,70206,111926
6552.461616,managed-fullframe-lz4,3686400,2846941,1,1,0,39749,2239,71418,114183
6552.580758,managed-fullframe-lz4,3686400,2846941,1,1,0,39918,4241,70689,115612
6552.720004,managed-fullframe-lz4,3686400,2846941,1,1,0,39724,1407,70290,112194
6552.838248,managed-fullframe-lz4,3686400,2846884,1,1,0,39583,3730,70273,114744
6553.006860,managed-fullframe-lz4,3686400,2846884,1,1,0,68366,3778,70694,144252
6553.161728,managed-fullframe-lz4,3686400,2442327,1,1,0,61538,3598,60312,126130
6553.321005,managed-fullframe-lz4,3686400,2482455,1,1,0,65892,3934,61203,131905
6553.496464,managed-fullframe-lz4,3686400,2482455,1,1,0,79033,2268,61167,143284
6553.626289,managed-fullframe-lz4,3686400,2482455,1,1,0,60314,3438,61074,125539
6553.784582,managed-fullframe-lz4,3686400,2482493,1,1,0,62017,3651,61357,127779
6553.941974,managed-fullframe-lz4,3686400,2481633,1,1,0,64753,3323,61105,129930
6554.101861,managed-fullframe-lz4,3686400,2481648,1,1,0,63692,3560,61174,129117
6554.260369,managed-fullframe-lz4,3686400,2481647,1,1,0,65390,3558,61191,130858
6554.412657,managed-fullframe-lz4,3686400,2481647,1,1,0,54052,3796,61163,119726
6554.579347,managed-fullframe-lz4,3686400,2481647,1,1,0,74371,3276,61218,139552
6554.721920,managed-fullframe-lz4,3686400,2481647,1,1,0,44711,3907,61655,111054
6554.896518,managed-fullframe-lz4,3686400,2481647,1,1,0,80710,3304,61235,145926
6555.058101,managed-fullframe-lz4,3686400,2481647,1,1,0,68394,3328,61333,133737
6555.220857,managed-fullframe-lz4,3686400,2480973,1,1,0,65401,3579,61285,131154
6555.381500,managed-fullframe-lz4,3686400,2480973,1,1,0,67020,3295,61315,132338
6555.543718,managed-fullframe-lz4,3686400,2480973,1,1,0,65654,3181,61293,131020
6555.667636,managed-fullframe-lz4,3686400,2480973,1,1,0,55340,3521,61121,120676
6555.824832,managed-fullframe-lz4,3686400,2480243,1,1,0,60639,3602,61075,126016
6555.981179,managed-fullframe-lz4,3686400,2480243,1,1,0,63342,3416,61107,128619
6556.142138,managed-fullframe-lz4,3686400,2480243,1,1,0,64276,3535,61067,129564
6556.320861,managed-fullframe-lz4,3686400,2479422,1,1,0,86255,3319,61342,151613
6556.460247,managed-fullframe-lz4,3686400,2478540,1,1,0,42962,3784,61163,108594
6556.585118,managed-fullframe-lz4,3686400,2478540,1,1,0,56602,3248,61072,121675
6556.738528,managed-fullframe-lz4,3686400,2478540,1,1,0,59107,3639,61234,125637
6556.887313,managed-fullframe-lz4,3686400,2478540,1,1,0,54897,3284,61217,120119
6557.042402,managed-fullframe-lz4,3686400,2478540,1,1,0,62304,3213,61322,127529
6557.218129,managed-fullframe-lz4,3686400,2478540,1,1,0,78613,3597,61273,144161
6557.382786,managed-fullframe-lz4,3686400,2481903,1,1,0,69171,3874,61409,135221
6557.563780,managed-fullframe-lz4,3686400,2481521,1,1,0,84035,3443,61078,149321
6557.731928,managed-fullframe-lz4,3686400,2479388,1,1,0,74873,3582,61311,140575
6557.910082,managed-fullframe-lz4,3686400,2889993,1,1,0,70690,3799,71446,146820
6558.023138,managed-fullframe-lz4,3686400,1932645,1,1,0,58912,2662,47363,109507
6558.150307,managed-fullframe-lz4,3686400,1876363,1,1,0,58201,2923,46204,107905
6558.276852,managed-fullframe-lz4,3686400,1876420,1,1,0,54834,2798,46443,104626
6558.398406,managed-fullframe-lz4,3686400,1876420,1,1,0,51052,2537,46134,100497
6558.519553,managed-fullframe-lz4,3686400,1876420,1,1,0,51507,2677,46305,101359
6558.633094,managed-fullframe-lz4,3686400,1876420,1,1,0,42930,2701,46276,93570
6558.756127,managed-fullframe-lz4,3686400,1876363,1,1,0,54127,2600,46209,103543
6558.876416,managed-fullframe-lz4,3686400,1876363,1,1,0,52063,2558,46054,101241
6558.987301,managed-fullframe-lz4,3686400,1876363,1,1,0,42552,2725,46170,92156
6559.099797,managed-fullframe-lz4,3686400,1876363,1,1,0,43884,2491,46073,92993
6559.209253,managed-fullframe-lz4,3686400,1876362,1,1,0,41253,2693,46252,90697
6559.325644,managed-fullframe-lz4,3686400,1876362,1,1,0,48427,2495,46133,97651
6559.431042,managed-fullframe-lz4,3686400,1876362,1,1,0,36619,3093,46033,86285
6559.536337,managed-fullframe-lz4,3686400,1876362,1,1,0,36437,2828,46174,85986
6559.664637,managed-fullframe-lz4,3686400,2774353,1,1,0,37233,3353,68311,109688
6559.701256,managed-fullframe-lz4,3686400,427076,1,1,0,6773,16302,10525,33767
6559.745070,managed-fullframe-lz4,3686400,435763,1,1,0,13371,3345,10677,27567
6559.783826,managed-fullframe-lz4,3686400,442757,1,1,0,13575,1070,10884,25694
6559.820193,managed-fullframe-lz4,3686400,442900,1,1,0,11477,958,10855,23473
6559.859917,managed-fullframe-lz4,3686400,442900,1,1,0,14003,988,10865,26052
6559.899418,managed-fullframe-lz4,3686400,442884,1,1,0,14124,1017,10861,26196
6559.939091,managed-fullframe-lz4,3686400,442814,1,1,0,14080,1014,10883,26173
6559.978724,managed-fullframe-lz4,3686400,442748,1,1,0,14148,1080,10910,26322
6560.018577,managed-fullframe-lz4,3686400,442748,1,1,0,13748,969,10915,25815
6560.057459,managed-fullframe-lz4,3686400,442752,1,1,0,13660,1016,10887,25775
6560.096919,managed-fullframe-lz4,3686400,442752,1,1,0,13781,1065,10957,25983
6560.136324,managed-fullframe-lz4,3686400,442752,1,1,0,13743,1017,10846,25785
6560.175961,managed-fullframe-lz4,3686400,442752,1,1,0,13959,947,10847,25939
6560.215352,managed-fullframe-lz4,3686400,442752,1,1,0,14001,1060,10855,26099
6560.253880,managed-fullframe-lz4,3686400,442752,1,1,0,13315,1015,10916,25426
6560.295031,managed-fullframe-lz4,3686400,442752,1,1,0,14701,1020,10874,26780
6560.333712,managed-fullframe-lz4,3686400,442752,1,1,0,13453,1004,10913,25545
6560.369859,managed-fullframe-lz4,3686400,442752,1,1,0,11280,1029,10836,23312
6560.411049,managed-fullframe-lz4,3686400,442752,1,1,0,11948,952,10881,23950
6560.451323,managed-fullframe-lz4,3686400,442752,1,1,0,14710,1114,11241,27308
6560.486842,managed-fullframe-lz4,3686400,442752,1,1,0,8233,1013,10894,20311
6560.521946,managed-fullframe-lz4,3686400,442865,1,1,0,9120,982,10885,21153
6560.560385,managed-fullframe-lz4,3686400,442865,1,1,0,12600,1060,10890,24735
6560.599584,managed-fullframe-lz4,3686400,442865,1,1,0,13601,952,10864,25599
6560.638293,managed-fullframe-lz4,3686400,442865,1,1,0,13585,1013,10900,25696
6560.677643,managed-fullframe-lz4,3686400,442865,1,1,0,14111,969,10917,26184
6560.714241,managed-fullframe-lz4,3686400,442865,1,1,0,11197,1061,10898,23373
6560.751961,managed-fullframe-lz4,3686400,442865,1,1,0,12449,1028,10860,24527
6560.787321,managed-fullframe-lz4,3686400,442865,1,1,0,10245,1061,10871,22354
6560.825515,managed-fullframe-lz4,3686400,442865,1,1,0,11815,1141,10917,24040
6560.865918,managed-fullframe-lz4,3686400,447666,1,1,0,14434,1001,11025,26696
6560.906086,managed-fullframe-lz4,3686400,447480,1,1,0,14875,958,10970,26988
6560.943976,managed-fullframe-lz4,3686400,447480,1,1,0,12442,976,10985,24577
6560.981929,managed-fullframe-lz4,3686400,446964,1,1,0,12872,1019,10950,25039
6561.032430,managed-fullframe-lz4,3686400,445647,1,1,0,24607,1028,10926,36717
6561.069337,managed-fullframe-lz4,3686400,441087,1,1,0,12287,1048,10818,24324
6561.110982,managed-fullframe-lz4,3686400,440945,1,1,0,11910,1208,10880,24274
6561.149233,managed-fullframe-lz4,3686400,440945,1,1,0,12895,999,10815,24887
6561.188200,managed-fullframe-lz4,3686400,440927,1,1,0,13981,944,10783,25893
6561.227940,managed-fullframe-lz4,3686400,440967,1,1,0,14239,1011,10775,26195
6561.267321,managed-fullframe-lz4,3686400,440993,1,1,0,12819,1186,11798,25980
6561.314058,managed-fullframe-lz4,3686400,440993,1,1,0,21261,1135,10877,33437
6561.358887,managed-fullframe-lz4,3686400,440323,1,1,0,16764,1017,11057,28993
6561.397429,managed-fullframe-lz4,3686400,440958,1,1,0,12414,1007,10762,24370
6561.437589,managed-fullframe-lz4,3686400,441083,1,1,0,14363,1116,10868,26569
6561.478506,managed-fullframe-lz4,3686400,441083,1,1,0,14604,1006,10866,26673
6561.517867,managed-fullframe-lz4,3686400,441037,1,1,0,14124,966,10800,26068
6561.558070,managed-fullframe-lz4,3686400,440856,1,1,0,14842,955,10881,26947
6561.597295,managed-fullframe-lz4,3686400,440847,1,1,0,13782,1056,10822,25842
6561.637950,managed-fullframe-lz4,3686400,440833,1,1,0,14599,993,10880,26655
6561.675144,managed-fullframe-lz4,3686400,440833,1,1,0,12092,983,10802,24048
6561.713192,managed-fullframe-lz4,3686400,440943,1,1,0,13132,999,10751,25049
6561.750759,managed-fullframe-lz4,3686400,440869,1,1,0,12317,994,10811,24363
6561.790197,managed-fullframe-lz4,3686400,436800,1,1,0,14521,966,10687,26354
6561.827129,managed-fullframe-lz4,3686400,436800,1,1,0,11674,961,10754,23561
6561.865482,managed-fullframe-lz4,3686400,436848,1,1,0,13755,968,10686,25650
6561.914981,managed-fullframe-lz4,3686400,507063,1,1,0,21786,1305,12614,35885
6561.958044,managed-fullframe-lz4,3686400,529497,1,1,0,14470,1060,12948,28669
6561.999443,managed-fullframe-lz4,3686400,529497,1,1,0,11565,1465,12974,26177
6562.045819,managed-fullframe-lz4,3686400,529574,1,1,0,17798,1148,12960,32100
6562.089103,managed-fullframe-lz4,3686400,531008,1,1,0,12440,1023,13039,26689
6562.130859,managed-fullframe-lz4,3686400,526298,1,1,0,13414,1093,12870,27592
6562.175493,managed-fullframe-lz4,3686400,526330,1,1,0,16445,1093,12917,30663
6562.220455,managed-fullframe-lz4,3686400,526244,1,1,0,16639,1084,12914,30849
6562.263238,managed-fullframe-lz4,3686400,526244,1,1,0,8735,1228,12865,23003
6562.308251,managed-fullframe-lz4,3686400,526327,1,1,0,15742,1094,12917,29949
6562.350236,managed-fullframe-lz4,3686400,526247,1,1,0,13775,1072,12877,27925
6562.444401,managed-fullframe-lz4,3686400,1471147,1,1,0,40850,2835,36144,80297
6562.551080,managed-fullframe-lz4,3686400,1470854,1,1,0,47843,1206,35966,85469
6562.639937,managed-fullframe-lz4,3686400,1465043,1,1,0,44425,2429,35955,83227
6562.742338,managed-fullframe-lz4,3686400,1464840,1,1,0,43075,2181,35860,81796
6562.794392,managed-fullframe-lz4,3686400,526503,1,1,0,16876,1383,12901,31361
6562.838225,managed-fullframe-lz4,3686400,526376,1,1,0,15630,1064,12882,29774
6562.883751,managed-fullframe-lz4,3686400,526355,1,1,0,16575,1341,12940,31119
6562.928822,managed-fullframe-lz4,3686400,526375,1,1,0,16622,1053,12938,30867
6562.975060,managed-fullframe-lz4,3686400,526363,1,1,0,16728,1007,12930,30859
6563.020556,managed-fullframe-lz4,3686400,526392,1,1,0,16454,1140,13012,30808
6563.077633,managed-fullframe-lz4,3686400,526400,1,1,0,27957,1086,12907,42143
6563.130420,managed-fullframe-lz4,3686400,526446,1,1,0,24435,1159,12878,38665
6563.173082,managed-fullframe-lz4,3686400,526446,1,1,0,13604,1096,12934,27877
6563.215299,managed-fullframe-lz4,3686400,526449,1,1,0,13559,1169,12917,27841
6563.258684,managed-fullframe-lz4,3686400,526501,1,1,0,15103,1222,12895,29416
6563.308137,managed-fullframe-lz4,3686400,526474,1,1,0,20867,1157,13000,35231
6563.353411,managed-fullframe-lz4,3686400,526482,1,1,0,16702,1049,12973,30928
6563.397769,managed-fullframe-lz4,3686400,526312,1,1,0,16186,1037,12924,30354
6563.444080,managed-fullframe-lz4,3686400,526312,1,1,0,17364,1169,12926,31675
6563.489009,managed-fullframe-lz4,3686400,526252,1,1,0,16464,1064,12966,30701
6563.533898,managed-fullframe-lz4,3686400,526252,1,1,0,16573,1089,13045,30912
6563.575729,managed-fullframe-lz4,3686400,526226,1,1,0,13715,1141,12937,28002
6563.620687,managed-fullframe-lz4,3686400,526528,1,1,0,16324,1041,12957,30578
6563.666100,managed-fullframe-lz4,3686400,526486,1,1,0,16609,1171,12893,30883
6563.711028,managed-fullframe-lz4,3686400,526514,1,1,0,16640,1207,12920,30967
6563.756283,managed-fullframe-lz4,3686400,526514,1,1,0,16650,1071,12942,31095
6563.800061,managed-fullframe-lz4,3686400,526488,1,1,0,15409,1058,12927,29590
6563.841844,managed-fullframe-lz4,3686400,526466,1,1,0,13546,1242,12985,27962
6563.885766,managed-fullframe-lz4,3686400,526395,1,1,0,15689,1077,12877,29850
6563.931395,managed-fullframe-lz4,3686400,526382,1,1,0,17170,1133,12956,31474
6563.975916,managed-fullframe-lz4,3686400,526444,1,1,0,16174,1188,12954,30515
6564.020870,managed-fullframe-lz4,3686400,526444,1,1,0,16615,1059,12998,30948
6564.066550,managed-fullframe-lz4,3686400,526385,1,1,0,15811,1094,12895,30423
6564.113311,managed-fullframe-lz4,3686400,526379,1,1,0,18407,1188,12904,32726
6564.163746,managed-fullframe-lz4,3686400,651283,1,1,0,18974,1248,16009,36473
6564.219991,managed-fullframe-lz4,3686400,651568,1,1,0,22356,1224,16719,40586
6564.271692,managed-fullframe-lz4,3686400,651568,1,1,0,18660,1488,16002,36380
6564.323736,managed-fullframe-lz4,3686400,651553,1,1,0,18994,1200,15976,36400
6564.377896,managed-fullframe-lz4,3686400,651496,1,1,0,20927,1323,15963,38444
6564.430284,managed-fullframe-lz4,3686400,651591,1,1,0,19045,1222,15963,36490
6564.482785,managed-fullframe-lz4,3686400,651547,1,1,0,19266,1229,16114,36867
6564.537691,managed-fullframe-lz4,3686400,651537,1,1,0,21520,1290,15918,39081
6564.592528,managed-fullframe-lz4,3686400,651481,1,1,0,21281,1201,15945,38663
6564.642623,managed-fullframe-lz4,3686400,651515,1,1,0,17190,1325,15929,34666
6564.696230,managed-fullframe-lz4,3686400,651501,1,1,0,20388,1173,16151,38020
6564.747236,managed-fullframe-lz4,3686400,651276,1,1,0,18000,1198,15928,35424
6564.800540,managed-fullframe-lz4,3686400,651541,1,1,0,19963,1238,16060,37485
6564.858864,managed-fullframe-lz4,3686400,651513,1,1,0,21318,1167,15938,38738
6564.914607,managed-fullframe-lz4,3686400,651481,1,1,0,21884,1343,15964,39423
6564.968930,managed-fullframe-lz4,3686400,651541,1,1,0,21069,1191,16010,38517
6565.027480,managed-fullframe-lz4,3686400,651532,1,1,0,24321,1251,16556,42466
6565.079782,managed-fullframe-lz4,3686400,651462,1,1,0,18921,1327,16122,36602
6565.135289,managed-fullframe-lz4,3686400,651473,1,1,0,21395,1162,16008,38813
6565.190297,managed-fullframe-lz4,3686400,651545,1,1,0,21572,1348,16002,39169
6565.244227,managed-fullframe-lz4,3686400,651432,1,1,0,20819,1131,15991,38179
6565.298816,managed-fullframe-lz4,3686400,651185,1,1,0,21187,1307,15951,38674
6565.353471,managed-fullframe-lz4,3686400,651159,1,1,0,21151,1168,15872,38423
6565.408633,managed-fullframe-lz4,3686400,651159,1,1,0,22206,1303,15956,39705
6565.462604,managed-fullframe-lz4,3686400,651159,1,1,0,20803,1233,15945,38214
6565.517066,managed-fullframe-lz4,3686400,651159,1,1,0,20841,1182,15909,38205
6565.572667,managed-fullframe-lz4,3686400,651159,1,1,0,22509,1308,15942,40001
6565.627151,managed-fullframe-lz4,3686400,651159,1,1,0,21536,1136,15988,38901
6565.679366,managed-fullframe-lz4,3686400,651159,1,1,0,18939,1260,15967,36433
6565.733700,managed-fullframe-lz4,3686400,651159,1,1,0,21036,1211,16026,38512
6565.788487,managed-fullframe-lz4,3686400,651159,1,1,0,21239,1464,15996,38946
6565.841333,managed-fullframe-lz4,3686400,651159,1,1,0,19534,1244,15970,36979
6565.893041,managed-fullframe-lz4,3686400,651159,1,1,0,18589,1228,15928,35960
6565.943638,managed-fullframe-lz4,3686400,651207,1,1,0,17639,1250,16019,35130
6565.996362,managed-fullframe-lz4,3686400,651344,1,1,0,19120,1183,15954,36479
6566.050701,managed-fullframe-lz4,3686400,651403,1,1,0,21376,1387,15939,38943
6566.105657,managed-fullframe-lz4,3686400,651386,1,1,0,20418,1399,15910,38006
6566.155993,managed-fullframe-lz4,3686400,651375,1,1,0,17356,1185,16151,34915
6566.209587,managed-fullframe-lz4,3686400,651375,1,1,0,20498,1257,15960,38026
6566.264028,managed-fullframe-lz4,3686400,651450,1,1,0,21291,1186,15954,38669
6566.319151,managed-fullframe-lz4,3686400,651450,1,1,0,21612,1373,15924,39172
6566.371868,managed-fullframe-lz4,3686400,651450,1,1,0,19960,1194,15933,37444
6566.425361,managed-fullframe-lz4,3686400,651450,1,1,0,20142,1325,16000,37756
6566.479110,managed-fullframe-lz4,3686400,651410,1,1,0,20577,1163,15899,37871
6566.536291,managed-fullframe-lz4,3686400,674007,1,1,0,23325,1304,16691,41608
6566.596108,managed-fullframe-lz4,3686400,718445,1,1,0,24710,1334,17607,43980
6566.654555,managed-fullframe-lz4,3686400,738315,1,1,0,22409,1260,18092,42022
6566.710956,managed-fullframe-lz4,3686400,659397,1,1,0,21772,1292,16162,39473
6566.765647,managed-fullframe-lz4,3686400,630788,1,1,0,21652,1226,15471,38724
6566.819910,managed-fullframe-lz4,3686400,632643,1,1,0,21372,1270,15552,38424
6566.871291,managed-fullframe-lz4,3686400,647740,1,1,0,18367,1207,15810,35612
6566.932249,managed-fullframe-lz4,3686400,651554,1,1,0,22247,2283,16365,41121
6566.977581,managed-fullframe-lz4,3686400,651542,1,1,0,11861,1250,15925,29298
6567.030557,managed-fullframe-lz4,3686400,651371,1,1,0,19942,1222,15898,37298
6567.084808,managed-fullframe-lz4,3686400,651379,1,1,0,21131,1339,16039,38752
6567.138389,managed-fullframe-lz4,3686400,651505,1,1,0,20322,1232,16010,37826
6567.192327,managed-fullframe-lz4,3686400,651492,1,1,0,20624,1162,16007,38027
6567.245850,managed-fullframe-lz4,3686400,651567,1,1,0,20491,1404,15953,38078
6567.300147,managed-fullframe-lz4,3686400,651510,1,1,0,21052,1284,16016,38590
6567.352162,managed-fullframe-lz4,3686400,651504,1,1,0,18673,1342,16001,36341
6567.405661,managed-fullframe-lz4,3686400,651539,1,1,0,20223,1306,15953,37809
6567.461353,managed-fullframe-lz4,3686400,651263,1,1,0,20696,1221,16012,38166
6567.515598,managed-fullframe-lz4,3686400,651577,1,1,0,20038,1455,15987,37712
6567.566352,managed-fullframe-lz4,3686400,651345,1,1,0,17678,1340,15982,35244
6567.619864,managed-fullframe-lz4,3686400,651467,1,1,0,20479,1318,15911,37965
6567.674964,managed-fullframe-lz4,3686400,651333,1,1,0,21808,1297,15961,39305
6567.730045,managed-fullframe-lz4,3686400,651226,1,1,0,21222,1218,15956,38641
6567.784317,managed-fullframe-lz4,3686400,651310,1,1,0,21148,1194,15953,38551
6567.838638,managed-fullframe-lz4,3686400,651352,1,1,0,20924,1365,15918,38440
6567.889083,managed-fullframe-lz4,3686400,651413,1,1,0,17572,1213,15951,34965
6567.944026,managed-fullframe-lz4,3686400,651363,1,1,0,22074,1261,15886,39464
6567.999552,managed-fullframe-lz4,3686400,651172,1,1,0,21663,1506,16007,39392
6568.050986,managed-fullframe-lz4,3686400,652851,1,1,0,18337,1193,16023,35781
6568.107769,managed-fullframe-lz4,3686400,708759,1,1,0,21864,1363,17403,40957
6568.167569,managed-fullframe-lz4,3686400,726446,1,1,0,22799,1379,17794,42228
6568.223746,managed-fullframe-lz4,3686400,740163,1,1,0,20024,1354,18066,39694
6568.284607,managed-fullframe-lz4,3686400,737456,1,1,0,23731,1412,18070,43473
6568.345254,managed-fullframe-lz4,3686400,734028,1,1,0,24161,1331,18046,43854
6568.408794,managed-fullframe-lz4,3686400,734028,1,1,0,25956,1433,17935,45684
6568.468211,managed-fullframe-lz4,3686400,734028,1,1,0,23103,1249,17963,42676
6568.529142,managed-fullframe-lz4,3686400,734028,1,1,0,24409,1350,18004,44034
6568.589763,managed-fullframe-lz4,3686400,734028,1,1,0,23885,1175,17894,43207
6568.649619,managed-fullframe-lz4,3686400,734025,1,1,0,23284,1321,17982,42910
6568.708167,managed-fullframe-lz4,3686400,734041,1,1,0,20647,1228,18163,40286
6568.769207,managed-fullframe-lz4,3686400,734079,1,1,0,21334,1381,18105,41121
6568.827322,managed-fullframe-lz4,3686400,735693,1,1,0,20242,2205,18002,40701
6568.884483,managed-fullframe-lz4,3686400,736002,1,1,0,20662,1293,17948,40144
6568.946340,managed-fullframe-lz4,3686400,735918,1,1,0,24404,1145,18000,43809
6569.008313,managed-fullframe-lz4,3686400,735874,1,1,0,24426,1255,18041,44076
6569.070270,managed-fullframe-lz4,3686400,735843,1,1,0,25044,1268,17986,44646
6569.131770,managed-fullframe-lz4,3686400,735821,1,1,0,25007,1217,18095,44624
6569.193610,managed-fullframe-lz4,3686400,735826,1,1,0,24874,1334,17987,44495
6569.253102,managed-fullframe-lz4,3686400,735853,1,1,0,23020,1242,18063,42593
6569.316418,managed-fullframe-lz4,3686400,735954,1,1,0,25656,1563,18055,45563
6569.376112,managed-fullframe-lz4,3686400,735954,1,1,0,23738,1668,17944,43621
6569.435795,managed-fullframe-lz4,3686400,735954,1,1,0,23460,1288,18315,43458
6569.498164,managed-fullframe-lz4,3686400,735954,1,1,0,25522,1373,18081,45316
6569.560910,managed-fullframe-lz4,3686400,735954,1,1,0,25869,1401,18163,45680
6569.621174,managed-fullframe-lz4,3686400,735954,1,1,0,22068,2266,17996,42599
6569.680455,managed-fullframe-lz4,3686400,735954,1,1,0,22743,1461,18097,42568
6569.739156,managed-fullframe-lz4,3686400,735932,1,1,0,21383,1656,18116,41401
6569.801090,managed-fullframe-lz4,3686400,735862,1,1,0,25192,1351,18103,44914
6569.859446,managed-fullframe-lz4,3686400,735956,1,1,0,20859,1545,18289,40929
6569.921014,managed-fullframe-lz4,3686400,735956,1,1,0,24530,1389,18177,44357
6569.986511,managed-fullframe-lz4,3686400,735810,1,1,0,27925,1603,18261,48033
6570.046016,managed-fullframe-lz4,3686400,735699,1,1,0,22320,1318,18059,41943
6570.105286,managed-fullframe-lz4,3686400,735745,1,1,0,22613,1367,18194,42506
6570.167527,managed-fullframe-lz4,3686400,735926,1,1,0,24905,1404,18047,44613
6570.228284,managed-fullframe-lz4,3686400,735987,1,1,0,24125,1354,18140,43888
6570.289344,managed-fullframe-lz4,3686400,735967,1,1,0,23598,1597,18096,43552
6570.350601,managed-fullframe-lz4,3686400,735969,1,1,0,24437,1294,18085,44140
6570.413168,managed-fullframe-lz4,3686400,735969,1,1,0,24864,1543,18147,44816
6570.474683,managed-fullframe-lz4,3686400,735969,1,1,0,24636,1268,18027,44252
6570.536253,managed-fullframe-lz4,3686400,735969,1,1,0,24611,1512,18203,44588
6570.599207,managed-fullframe-lz4,3686400,735994,1,1,0,26451,1267,18070,46088
6570.661723,managed-fullframe-lz4,3686400,735987,1,1,0,25727,1506,18180,45734
6570.722290,managed-fullframe-lz4,3686400,735978,1,1,0,23568,1222,18099,43153
6570.783395,managed-fullframe-lz4,3686400,735966,1,1,0,24293,1345,18276,44200
6570.844018,managed-fullframe-lz4,3686400,735966,1,1,0,23661,1380,18037,43350
6570.905477,managed-fullframe-lz4,3686400,735966,1,1,0,24192,1365,18026,43921
6570.967481,managed-fullframe-lz4,3686400,735966,1,1,0,24418,1360,18115,44157
6571.030717,managed-fullframe-lz4,3686400,735966,1,1,0,25730,1369,18197,45570
6571.089813,managed-fullframe-lz4,3686400,735966,1,1,0,21104,1434,18200,40988
6571.149853,managed-fullframe-lz4,3686400,735966,1,1,0,22045,1355,18297,41961
6571.213415,managed-fullframe-lz4,3686400,735858,1,1,0,26239,1355,18277,46208
6571.271890,managed-fullframe-lz4,3686400,735926,1,1,0,21399,1357,18195,41248
6571.334043,managed-fullframe-lz4,3686400,735744,1,1,0,24374,1372,18207,44245
6571.399153,managed-fullframe-lz4,3686400,735839,1,1,0,28108,1369,18220,47962
6571.461444,managed-fullframe-lz4,3686400,735772,1,1,0,25089,1399,18267,45042
6571.523689,managed-fullframe-lz4,3686400,735772,1,1,0,24639,1349,18743,45050
6571.586496,managed-fullframe-lz4,3686400,735772,1,1,0,25029,1373,18240,44892
6571.647952,managed-fullframe-lz4,3686400,735772,1,1,0,24255,1352,18164,44035
6571.709416,managed-fullframe-lz4,3686400,735772,1,1,0,24171,1327,18210,43980
6571.773682,managed-fullframe-lz4,3686400,735772,1,1,0,24994,1579,19569,46411
6571.833265,managed-fullframe-lz4,3686400,735772,1,1,0,14163,1396,18159,34017
6571.896760,managed-fullframe-lz4,3686400,735772,1,1,0,24524,1416,18100,44323
6571.955509,managed-fullframe-lz4,3686400,735772,1,1,0,21576,1354,18293,41477
6572.015231,managed-fullframe-lz4,3686400,735510,1,1,0,21954,1413,18100,41736
6572.081050,managed-fullframe-lz4,3686400,719354,1,1,0,29360,1326,17849,48769
6572.139683,managed-fullframe-lz4,3686400,662387,1,1,0,23103,1323,17001,41649
6572.186808,managed-fullframe-lz4,3686400,520073,1,1,0,16581,1182,12908,30920
6572.224222,managed-fullframe-lz4,3686400,520073,1,1,0,8504,1078,12926,22707
6572.268025,managed-fullframe-lz4,3686400,538400,1,1,0,14406,1644,13340,29596
6572.313487,managed-fullframe-lz4,3686400,539634,1,1,0,15679,1147,13381,30499
6572.360734,managed-fullframe-lz4,3686400,539427,1,1,0,17696,1255,13393,32560
6572.404282,managed-fullframe-lz4,3686400,539427,1,1,0,13935,1172,13314,28634
6572.452386,managed-fullframe-lz4,3686400,539427,1,1,0,18874,1129,13357,33555
6572.498344,managed-fullframe-lz4,3686400,539427,1,1,0,17164,1052,13248,31655
6572.542775,managed-fullframe-lz4,3686400,539427,1,1,0,14821,1572,13397,29997
6572.587106,managed-fullframe-lz4,3686400,539427,1,1,0,15720,1159,13339,30408
6572.631016,managed-fullframe-lz4,3686400,539427,1,1,0,14350,1166,13296,29005
6572.675257,managed-fullframe-lz4,3686400,539427,1,1,0,14751,1161,13344,29487
6572.720186,managed-fullframe-lz4,3686400,539417,1,1,0,15315,1293,13341,30196
6572.767368,managed-fullframe-lz4,3686400,539421,1,1,0,17107,1275,13595,32187
6572.814890,managed-fullframe-lz4,3686400,539528,1,1,0,17370,1269,13430,32290
6572.862060,managed-fullframe-lz4,3686400,539528,1,1,0,17356,1370,13382,32324
6572.908996,managed-fullframe-lz4,3686400,539668,1,1,0,16996,1341,13402,31959
6572.955516,managed-fullframe-lz4,3686400,539472,1,1,0,17233,1227,13372,32129
6573.000296,managed-fullframe-lz4,3686400,539502,1,1,0,15662,1118,13284,30287
6573.046671,managed-fullframe-lz4,3686400,539522,1,1,0,17163,1311,13322,32009
6573.093423,managed-fullframe-lz4,3686400,539519,1,1,0,17752,1060,13246,32467
6573.139825,managed-fullframe-lz4,3686400,539519,1,1,0,16858,1088,13179,31382
6573.184900,managed-fullframe-lz4,3686400,539519,1,1,0,16170,1110,13228,30738
6573.231226,managed-fullframe-lz4,3686400,539519,1,1,0,17368,1067,13177,31828
6573.277896,managed-fullframe-lz4,3686400,539519,1,1,0,17716,1071,13277,32294
6573.322800,managed-fullframe-lz4,3686400,539519,1,1,0,15507,992,13180,29872
6573.368589,managed-fullframe-lz4,3686400,539519,1,1,0,17132,1041,13230,31634
6573.416204,managed-fullframe-lz4,3686400,539604,1,1,0,17765,1195,13319,32570
6573.462796,managed-fullframe-lz4,3686400,539557,1,1,0,17821,1034,13221,32294
6573.514179,managed-fullframe-lz4,3686400,539630,1,1,0,21540,1298,13381,36428
6573.558614,managed-fullframe-lz4,3686400,539792,1,1,0,14894,1264,13309,29686
6573.605755,managed-fullframe-lz4,3686400,539937,1,1,0,16910,1153,13879,32188
6573.650029,managed-fullframe-lz4,3686400,539346,1,1,0,13917,1285,13319,28711
6573.695698,managed-fullframe-lz4,3686400,539145,1,1,0,16541,1254,13289,31285
6573.739008,managed-fullframe-lz4,3686400,539196,1,1,0,14331,1183,13412,29171
6573.786002,managed-fullframe-lz4,3686400,539196,1,1,0,17852,1338,13366,32819
6573.829537,managed-fullframe-lz4,3686400,539155,1,1,0,14147,1497,13259,29100
6573.873013,managed-fullframe-lz4,3686400,538983,1,1,0,14249,1179,13323,28945
6573.917283,managed-fullframe-lz4,3686400,536540,1,1,0,13716,2169,13318,29409
6573.962346,managed-fullframe-lz4,3686400,536540,1,1,0,13986,1708,13981,29864
6574.006998,managed-fullframe-lz4,3686400,538130,1,1,0,14906,1219,13316,29645
6574.056252,managed-fullframe-lz4,3686400,538130,1,1,0,19010,1096,13296,33575
6574.100488,managed-fullframe-lz4,3686400,538284,1,1,0,15097,1067,13365,29720
6574.150276,managed-fullframe-lz4,3686400,538082,1,1,0,20021,1090,13658,34981
6574.196562,managed-fullframe-lz4,3686400,538104,1,1,0,16652,1390,13511,31803
6574.240490,managed-fullframe-lz4,3686400,537992,1,1,0,13963,1126,13323,28613
6574.288872,managed-fullframe-lz4,3686400,553027,1,1,0,17344,1082,14061,32826
6574.335227,managed-fullframe-lz4,3686400,554524,1,1,0,16566,1095,13881,31791
6574.382775,managed-fullframe-lz4,3686400,554524,1,1,0,17183,1214,13688,32407
6574.424351,managed-fullframe-lz4,3686400,554573,1,1,0,11169,1118,13732,26240
6574.472196,managed-fullframe-lz4,3686400,554794,1,1,0,17706,1109,13633,32749
6574.516652,managed-fullframe-lz4,3686400,554797,1,1,0,14603,1263,13584,29662
6574.559520,managed-fullframe-lz4,3686400,554608,1,1,0,14353,976,13544,29078
6574.603619,managed-fullframe-lz4,3686400,557357,1,1,0,14855,1132,13745,30013
6574.655893,managed-fullframe-lz4,3686400,619496,1,1,0,19503,1324,15322,36689
6574.710068,managed-fullframe-lz4,3686400,619474,1,1,0,21387,1169,15386,38198
6574.758842,managed-fullframe-lz4,3686400,619564,1,1,0,16908,1163,15335,33649
6574.809446,managed-fullframe-lz4,3686400,619793,1,1,0,18232,1178,15593,35220
6574.859376,managed-fullframe-lz4,3686400,619793,1,1,0,16227,1325,15359,33139
6574.908844,managed-fullframe-lz4,3686400,619995,1,1,0,16576,1445,15546,33783
6574.958201,managed-fullframe-lz4,3686400,619955,1,1,0,17280,1316,15253,34070
6575.007733,managed-fullframe-lz4,3686400,630654,1,1,0,17401,1150,15483,34252
6575.059280,managed-fullframe-lz4,3686400,631531,1,1,0,20060,1105,15379,36778
6575.103624,managed-fullframe-lz4,3686400,631514,1,1,0,12685,2050,15532,30518
6575.152885,managed-fullframe-lz4,3686400,631562,1,1,0,17007,1425,15624,34308
6575.206136,managed-fullframe-lz4,3686400,631112,1,1,0,20187,1346,15568,37342
6575.254064,managed-fullframe-lz4,3686400,631115,1,1,0,16349,1262,15517,33369
6575.306905,managed-fullframe-lz4,3686400,631170,1,1,0,20717,1449,15666,38068
6575.359010,managed-fullframe-lz4,3686400,631237,1,1,0,19451,1262,15457,36427
6575.408282,managed-fullframe-lz4,3686400,631230,1,1,0,17922,1193,15505,34851
6575.460748,managed-fullframe-lz4,3686400,631140,1,1,0,20233,1230,15645,37327
6575.515532,managed-fullframe-lz4,3686400,631096,1,1,0,20472,1488,15507,37694
6575.567150,managed-fullframe-lz4,3686400,692739,1,1,0,17722,1364,17107,36426
6575.619934,managed-fullframe-lz4,3686400,704095,1,1,0,18410,1424,17240,37331
6575.673399,managed-fullframe-lz4,3686400,702757,1,1,0,19206,1260,17170,37876
6575.729549,managed-fullframe-lz4,3686400,699165,1,1,0,21817,1343,17316,40728
6575.785497,managed-fullframe-lz4,3686400,689191,1,1,0,21112,1958,16914,40301
6575.840425,managed-fullframe-lz4,3686400,681080,1,1,0,21049,1212,16696,39193
6575.891285,managed-fullframe-lz4,3686400,679445,1,1,0,17256,1378,16850,35714
6575.943868,managed-fullframe-lz4,3686400,679303,1,1,0,19165,1244,16675,37320
6575.997726,managed-fullframe-lz4,3686400,679455,1,1,0,21032,1215,16803,39279
6576.049978,managed-fullframe-lz4,3686400,679367,1,1,0,18103,1444,16724,36496
6576.103973,managed-fullframe-lz4,3686400,679396,1,1,0,20280,1550,16753,38872
6576.158686,managed-fullframe-lz4,3686400,679421,1,1,0,19279,2099,17058,38668
6576.213733,managed-fullframe-lz4,3686400,679443,1,1,0,22112,1212,16780,40356
6576.264870,managed-fullframe-lz4,3686400,679403,1,1,0,18025,1362,16796,36415
6576.317615,managed-fullframe-lz4,3686400,679389,1,1,0,18783,1348,16630,37014
6576.371248,managed-fullframe-lz4,3686400,679274,1,1,0,20327,1354,16691,38622
6576.425883,managed-fullframe-lz4,3686400,679456,1,1,0,20342,1346,16673,38606
6576.479404,managed-fullframe-lz4,3686400,679244,1,1,0,20559,1338,16654,38794
6576.532905,managed-fullframe-lz4,3686400,679244,1,1,0,20412,1273,16856,38786
6576.585114,managed-fullframe-lz4,3686400,679244,1,1,0,18446,1324,16665,36679
6576.638507,managed-fullframe-lz4,3686400,679244,1,1,0,20541,1247,16563,38586
6576.695230,managed-fullframe-lz4,3686400,679244,1,1,0,22580,1330,16687,40852
6576.750399,managed-fullframe-lz4,3686400,679244,1,1,0,22141,1510,16585,40577
6576.805054,managed-fullframe-lz4,3686400,679244,1,1,0,21610,1320,16732,39988
6576.860906,managed-fullframe-lz4,3686400,679244,1,1,0,22188,1206,16617,40536
6576.914475,managed-fullframe-lz4,3686400,679244,1,1,0,20612,1202,16615,38680
6576.969498,managed-fullframe-lz4,3686400,679421,1,1,0,21322,1313,16721,39608
6577.023650,managed-fullframe-lz4,3686400,679263,1,1,0,21326,1252,16644,39475
6577.079251,managed-fullframe-lz4,3686400,679462,1,1,0,21052,1628,16905,39818
6577.131036,managed-fullframe-lz4,3686400,679448,1,1,0,18462,1243,16580,36738
6577.183881,managed-fullframe-lz4,3686400,679474,1,1,0,19689,1127,16753,37800
6577.238584,managed-fullframe-lz4,3686400,679474,1,1,0,20814,1298,16682,39026
6577.293759,managed-fullframe-lz4,3686400,679474,1,1,0,22185,1205,16592,40236
6577.348512,managed-fullframe-lz4,3686400,679474,1,1,0,21277,1296,16773,39598
6577.402203,managed-fullframe-lz4,3686400,679474,1,1,0,19684,1576,17101,38691
6577.457960,managed-fullframe-lz4,3686400,679474,1,1,0,22316,1328,16816,40716
6577.509334,managed-fullframe-lz4,3686400,679474,1,1,0,18080,1241,16582,36197
6577.562432,managed-fullframe-lz4,3686400,679474,1,1,0,20093,1274,16591,38201
6577.617167,managed-fullframe-lz4,3686400,679474,1,1,0,21162,1329,16709,39622
6577.673029,managed-fullframe-lz4,3686400,679474,1,1,0,22163,1250,16691,40347
6577.726678,managed-fullframe-lz4,3686400,679474,1,1,0,20110,1659,16805,38820
6577.781770,managed-fullframe-lz4,3686400,679474,1,1,0,22053,1233,16639,40165
6577.834455,managed-fullframe-lz4,3686400,679470,1,1,0,19329,1192,16763,37514
6577.889376,managed-fullframe-lz4,3686400,679480,1,1,0,21327,1337,16681,39596
6577.942599,managed-fullframe-lz4,3686400,679479,1,1,0,20270,1212,16649,38366
6577.997935,managed-fullframe-lz4,3686400,679095,1,1,0,21571,1325,16860,39996
6578.048963,managed-fullframe-lz4,3686400,679356,1,1,0,18113,1343,16591,36270
6578.097206,managed-fullframe-lz4,3686400,636281,1,1,0,16512,1077,15628,33441
6578.150108,managed-fullframe-lz4,3686400,618934,1,1,0,20386,1155,15083,36861
6578.206178,managed-fullframe-lz4,3686400,663690,1,1,0,23244,1123,16217,40910
6578.263286,managed-fullframe-lz4,3686400,674747,1,1,0,22204,1180,16609,40264
6578.319722,managed-fullframe-lz4,3686400,677291,1,1,0,22242,1173,16731,40386
6578.378023,managed-fullframe-lz4,3686400,677816,1,1,0,22818,1419,17035,41536
6578.431664,managed-fullframe-lz4,3686400,672108,1,1,0,19818,1148,16498,37719
6578.484911,managed-fullframe-lz4,3686400,672164,1,1,0,18263,1366,16653,36516
6578.541057,managed-fullframe-lz4,3686400,672170,1,1,0,21544,1337,16589,39739
6578.597500,managed-fullframe-lz4,3686400,671992,1,1,0,22398,1218,16535,40379
6578.653844,managed-fullframe-lz4,3686400,672026,1,1,0,22524,1266,16619,40647
6578.708160,managed-fullframe-lz4,3686400,672084,1,1,0,19805,1592,16503,38139
6578.762424,managed-fullframe-lz4,3686400,671989,1,1,0,20483,1169,16580,38509
6578.819459,managed-fullframe-lz4,3686400,672218,1,1,0,23121,1291,16507,41223
6578.875902,managed-fullframe-lz4,3686400,672143,1,1,0,22944,1160,16511,40859
6578.928397,managed-fullframe-lz4,3686400,672143,1,1,0,19288,1124,16528,37172
6578.984886,managed-fullframe-lz4,3686400,672143,1,1,0,22530,1450,16490,40727
6579.041966,managed-fullframe-lz4,3686400,672143,1,1,0,21073,1132,16693,39127
6579.098979,managed-fullframe-lz4,3686400,672153,1,1,0,20758,2014,16800,39818
6579.155014,managed-fullframe-lz4,3686400,672249,1,1,0,21849,1342,16604,40036
6579.210138,managed-fullframe-lz4,3686400,672273,1,1,0,21182,1251,16725,39451
6579.262918,managed-fullframe-lz4,3686400,672304,1,1,0,18412,1295,16685,36628
6579.318616,managed-fullframe-lz4,3686400,672188,1,1,0,21593,1510,16602,39943
6579.373948,managed-fullframe-lz4,3686400,672223,1,1,0,20963,1247,16588,39062
6579.431004,managed-fullframe-lz4,3686400,672214,1,1,0,22665,1379,16749,41097
6579.488354,managed-fullframe-lz4,3686400,672186,1,1,0,22901,1296,16994,41446
6579.546775,managed-fullframe-lz4,3686400,672225,1,1,0,23729,1304,16523,41880
6579.603551,managed-fullframe-lz4,3686400,672060,1,1,0,22467,1380,16570,40764
6579.657975,managed-fullframe-lz4,3686400,672638,1,1,0,20076,1600,16704,38624
6579.715627,managed-fullframe-lz4,3686400,671664,1,1,0,23251,1326,16662,41473
6579.773925,managed-fullframe-lz4,3686400,671565,1,1,0,23864,1286,16965,42475
6579.829944,managed-fullframe-lz4,3686400,671565,1,1,0,21798,1284,16556,39912
6579.887952,managed-fullframe-lz4,3686400,671565,1,1,0,22978,1389,16548,41169
6579.944480,managed-fullframe-lz4,3686400,671565,1,1,0,22163,1240,16534,40178
6579.999365,managed-fullframe-lz4,3686400,671565,1,1,0,20607,1625,16571,39056
6580.052179,managed-fullframe-lz4,3686400,671565,1,1,0,19140,1260,16611,37250
6580.109143,managed-fullframe-lz4,3686400,671565,1,1,0,23069,1283,16535,41126
6580.163648,managed-fullframe-lz4,3686400,671657,1,1,0,20190,1374,16600,38506
6580.222518,managed-fullframe-lz4,3686400,671657,1,1,0,24871,1379,16580,43090
6580.278174,managed-fullframe-lz4,3686400,671675,1,1,0,22094,1260,16525,40162
6580.331826,managed-fullframe-lz4,3686400,671675,1,1,0,18990,1608,16651,37476
6580.388540,managed-fullframe-lz4,3686400,672155,1,1,0,22337,1317,16580,40626
6580.445901,managed-fullframe-lz4,3686400,672235,1,1,0,23311,1269,16553,41382
6580.502406,managed-fullframe-lz4,3686400,672235,1,1,0,22349,1261,16566,40419
6580.561886,managed-fullframe-lz4,3686400,672235,1,1,0,24356,1254,16642,42506
6580.620750,managed-fullframe-lz4,3686400,672235,1,1,0,23947,1250,16653,42140
6580.679138,managed-fullframe-lz4,3686400,672235,1,1,0,23322,1590,16638,41894
6580.738648,managed-fullframe-lz4,3686400,672235,1,1,0,23831,1318,16661,42117
6580.797421,managed-fullframe-lz4,3686400,672235,1,1,0,24026,1294,16648,42297
6580.858241,managed-fullframe-lz4,3686400,672235,1,1,0,25127,1287,16808,43651
6580.917945,managed-fullframe-lz4,3686400,672235,1,1,0,23188,1278,16829,41537
6580.975837,managed-fullframe-lz4,3686400,672235,1,1,0,22547,1536,16616,40945
6581.034748,managed-fullframe-lz4,3686400,672235,1,1,0,24543,1588,16673,43059
6581.089241,managed-fullframe-lz4,3686400,672235,1,1,0,20408,1245,16623,38510
6581.143888,managed-fullframe-lz4,3686400,672235,1,1,0,20528,1276,16632,38661
6581.201819,managed-fullframe-lz4,3686400,672235,1,1,0,23176,1478,16674,41625
6581.283248,managed-fullframe-lz4,3686400,1137468,1,1,0,34526,2055,28326,65265
6581.386789,managed-fullframe-lz4,3686400,1385380,1,1,0,47113,1529,34107,83179
6581.476500,managed-fullframe-lz4,3686400,1457047,1,1,0,45793,2305,36114,84731
6581.581919,managed-fullframe-lz4,3686400,1467365,1,1,0,45863,2213,36152,84889
6581.688547,managed-fullframe-lz4,3686400,1466721,1,1,0,47053,2522,36004,86020
6581.785943,managed-fullframe-lz4,3686400,1466721,1,1,0,38194,2196,35974,76758
6581.885397,managed-fullframe-lz4,3686400,1466760,1,1,0,39543,2106,36216,78595
6581.993111,managed-fullframe-lz4,3686400,1466408,1,1,0,48368,2193,36073,87185
6582.099622,managed-fullframe-lz4,3686400,1466593,1,1,0,47413,2186,36146,86262
6582.202349,managed-fullframe-lz4,3686400,1466620,1,1,0,42678,3207,36147,82463
6582.309005,managed-fullframe-lz4,3686400,1466499,1,1,0,47574,2067,36019,86172
6582.419297,managed-fullframe-lz4,3686400,1466541,1,1,0,50022,2120,37241,90085
6582.523355,managed-fullframe-lz4,3686400,1466558,1,1,0,44660,2415,36068,83610
6582.632315,managed-fullframe-lz4,3686400,1466575,1,1,0,50082,2006,36109,88652
6582.739081,managed-fullframe-lz4,3686400,1466668,1,1,0,47666,2278,36043,86400
6582.841687,managed-fullframe-lz4,3686400,1466537,1,1,0,43352,2445,36106,82316
6582.949504,managed-fullframe-lz4,3686400,1466649,1,1,0,49024,1975,35964,87470
6583.057426,managed-fullframe-lz4,3686400,1466248,1,1,0,48277,2126,36233,87378
6583.161279,managed-fullframe-lz4,3686400,1466248,1,1,0,44407,2368,36128,83331
6583.267502,managed-fullframe-lz4,3686400,1466248,1,1,0,47378,2078,35989,85981
6583.380249,managed-fullframe-lz4,3686400,1466248,1,1,0,52943,2370,35986,91746
6583.483131,managed-fullframe-lz4,3686400,1466248,1,1,0,43475,2296,36066,82581
6583.593468,managed-fullframe-lz4,3686400,1466248,1,1,0,51334,2028,36019,89853
6583.704725,managed-fullframe-lz4,3686400,1466248,1,1,0,51996,2267,35862,90604
6583.815081,managed-fullframe-lz4,3686400,1466248,1,1,0,50481,2141,36038,89111
6583.920341,managed-fullframe-lz4,3686400,1466248,1,1,0,45988,2342,36034,84812
6584.037694,managed-fullframe-lz4,3686400,1466248,1,1,0,57010,2271,35990,96013
6584.142064,managed-fullframe-lz4,3686400,1466248,1,1,0,44731,2771,36047,83996
6584.254565,managed-fullframe-lz4,3686400,1466248,1,1,0,52507,2108,36147,91257
6584.360007,managed-fullframe-lz4,3686400,1466248,1,1,0,46290,2444,36078,85248
6584.469565,managed-fullframe-lz4,3686400,1466248,1,1,0,50730,1956,36010,89236
6584.588819,managed-fullframe-lz4,3686400,1466248,1,1,0,59335,2295,36010,98137
6584.697770,managed-fullframe-lz4,3686400,1466248,1,1,0,49941,2064,36119,88556
6584.813316,managed-fullframe-lz4,3686400,1466248,1,1,0,55924,1975,36017,94339
6584.923111,managed-fullframe-lz4,3686400,1466248,1,1,0,50648,2285,36047,89448
6585.027877,managed-fullframe-lz4,3686400,1466248,1,1,0,45777,2209,35987,84440
6585.139073,managed-fullframe-lz4,3686400,1466248,1,1,0,51500,2219,36097,90231
6585.247484,managed-fullframe-lz4,3686400,1466248,1,1,0,48410,2321,35991,87226
6585.357938,managed-fullframe-lz4,3686400,1466248,1,1,0,51546,1992,35919,89928
6585.470885,managed-fullframe-lz4,3686400,1466248,1,1,0,51890,2114,36283,90817
6585.587036,managed-fullframe-lz4,3686400,1466248,1,1,0,57022,2282,35987,95751
6585.704339,managed-fullframe-lz4,3686400,1466248,1,1,0,58290,1946,36072,96786
6585.820771,managed-fullframe-lz4,3686400,1466248,1,1,0,56347,2361,35994,95203
6585.934444,managed-fullframe-lz4,3686400,1466248,1,1,0,51835,2163,36432,90917
6586.049283,managed-fullframe-lz4,3686400,1466248,1,1,0,55859,1992,36193,94578
6586.154713,managed-fullframe-lz4,3686400,1466248,1,1,0,46291,2263,36240,85231
6586.259308,managed-fullframe-lz4,3686400,1466248,1,1,0,46008,2013,35969,84449
6586.368287,managed-fullframe-lz4,3686400,1466248,1,1,0,49524,1961,35975,87921
6586.480644,managed-fullframe-lz4,3686400,1466248,1,1,0,52860,2256,36130,91945
6586.584845,managed-fullframe-lz4,3686400,1466248,1,1,0,44459,1988,35949,82871
6586.693766,managed-fullframe-lz4,3686400,1466248,1,1,0,49426,2020,36127,88071
6586.792833,managed-fullframe-lz4,3686400,1466248,1,1,0,40104,2157,36176,78857
6586.896309,managed-fullframe-lz4,3686400,1466248,1,1,0,44233,2260,35997,82949
6587.011068,managed-fullframe-lz4,3686400,1466248,1,1,0,55652,1998,36309,94430
6587.127841,managed-fullframe-lz4,3686400,1466248,1,1,0,57508,2355,35936,96358
6587.237671,managed-fullframe-lz4,3686400,1466248,1,1,0,50479,2009,35947,88942
6587.352549,managed-fullframe-lz4,3686400,1466248,1,1,0,54456,2350,36240,93522
6587.469023,managed-fullframe-lz4,3686400,1466248,1,1,0,57833,1990,36135,96427
6587.587291,managed-fullframe-lz4,3686400,1466248,1,1,0,59032,2010,35922,97412
6587.705541,managed-fullframe-lz4,3686400,1466248,1,1,0,58942,2293,36076,97778
6587.826010,managed-fullframe-lz4,3686400,1466248,1,1,0,60821,2002,36074,99476
6587.925359,managed-fullframe-lz4,3686400,1466248,1,1,0,38790,2093,36223,77581
6588.045542,managed-fullframe-lz4,3686400,1466248,1,1,0,61174,2209,36019,99989
6588.150758,managed-fullframe-lz4,3686400,1466248,1,1,0,46290,2063,35886,84689
6588.258986,managed-fullframe-lz4,3686400,1466248,1,1,0,49202,2131,36276,88079
6588.361733,managed-fullframe-lz4,3686400,1466248,1,1,0,42595,2414,35993,81449
6588.475873,managed-fullframe-lz4,3686400,1466248,1,1,0,55045,2018,35937,93458
6588.579355,managed-fullframe-lz4,3686400,1466248,1,1,0,44410,2480,36162,83488
6588.689313,managed-fullframe-lz4,3686400,1466248,1,1,0,51161,2006,36101,89721
6588.798373,managed-fullframe-lz4,3686400,1466248,1,1,0,49524,2127,36145,88243
6588.911113,managed-fullframe-lz4,3686400,1466248,1,1,0,51524,2362,35975,90619
6589.029297,managed-fullframe-lz4,3686400,1466248,1,1,0,59105,1943,35856,97348
6589.136787,managed-fullframe-lz4,3686400,1466248,1,1,0,48402,2225,36036,87173
6589.248034,managed-fullframe-lz4,3686400,1466248,1,1,0,51734,2337,36256,90800
6589.358399,managed-fullframe-lz4,3686400,1466248,1,1,0,49951,2261,36224,88891
6589.443148,managed-fullframe-lz4,3686400,1466248,1,1,0,25577,2279,36233,64541
6589.559555,managed-fullframe-lz4,3686400,1466248,1,1,0,57201,2307,35904,95905
6589.668189,managed-fullframe-lz4,3686400,1466248,1,1,0,49343,2268,36084,88159
6589.781351,managed-fullframe-lz4,3686400,1466248,1,1,0,54198,1926,35885,92469
6589.881600,managed-fullframe-lz4,3686400,1466248,1,1,0,40979,2251,36172,79835
6589.991428,managed-fullframe-lz4,3686400,1466248,1,1,0,50375,2536,35916,89282
6590.099009,managed-fullframe-lz4,3686400,1466248,1,1,0,48477,2233,36034,87145
6590.201464,managed-fullframe-lz4,3686400,1466248,1,1,0,43243,2179,36134,82024
6590.302145,managed-fullframe-lz4,3686400,1466248,1,1,0,41395,2535,36047,80415
6590.418607,managed-fullframe-lz4,3686400,1466248,1,1,0,56800,2165,36160,95635
6590.532418,managed-fullframe-lz4,3686400,1466248,1,1,0,53624,2103,36115,92306
6590.638955,managed-fullframe-lz4,3686400,1466248,1,1,0,47131,2484,36114,86179
6590.742166,managed-fullframe-lz4,3686400,1466248,1,1,0,43603,2139,36214,82802
6590.855140,managed-fullframe-lz4,3686400,1466248,1,1,0,53196,2389,36189,92236
6590.971052,managed-fullframe-lz4,3686400,1466248,1,1,0,56308,1980,36178,95037
6591.080502,managed-fullframe-lz4,3686400,1466248,1,1,0,50246,1979,35934,88625
6591.180944,managed-fullframe-lz4,3686400,1466248,1,1,0,41397,2260,36181,80339
6591.281038,managed-fullframe-lz4,3686400,1459512,1,1,0,41257,2123,35976,79796
6591.380739,managed-fullframe-lz4,3686400,1439004,1,1,0,40944,2033,35722,79153
6591.481747,managed-fullframe-lz4,3686400,1439004,1,1,0,40878,2394,35677,79407
6591.595535,managed-fullframe-lz4,3686400,1439004,1,1,0,55216,2062,35447,93168
6591.703132,managed-fullframe-lz4,3686400,1439004,1,1,0,49294,2165,35385,87344
6591.806886,managed-fullframe-lz4,3686400,1439004,1,1,0,43932,2394,35614,82435
6591.923736,managed-fullframe-lz4,3686400,1439004,1,1,0,55725,2018,35692,93891
6592.031092,managed-fullframe-lz4,3686400,1439004,1,1,0,49336,1989,35354,87110
6592.128902,managed-fullframe-lz4,3686400,1439004,1,1,0,38461,2306,35463,76993
6592.242391,managed-fullframe-lz4,3686400,1439004,1,1,0,55336,2193,35223,93205
6592.347716,managed-fullframe-lz4,3686400,1439004,1,1,0,47150,2103,35277,84982
6592.460764,managed-fullframe-lz4,3686400,1439004,1,1,0,54736,2131,35372,92692
6592.565717,managed-fullframe-lz4,3686400,1439004,1,1,0,45853,2433,35449,84200
6592.672675,managed-fullframe-lz4,3686400,1439004,1,1,0,48885,2147,35348,86835
6592.783849,managed-fullframe-lz4,3686400,1439004,1,1,0,52604,2066,35488,90616
6592.882251,managed-fullframe-lz4,3686400,1439004,1,1,0,39636,2233,35328,77707
6592.986539,managed-fullframe-lz4,3686400,1439004,1,1,0,45345,2334,35554,83679
6593.096550,managed-fullframe-lz4,3686400,1439004,1,1,0,51026,2437,35543,89462
6593.206074,managed-fullframe-lz4,3686400,1439004,1,1,0,51389,2141,35315,89340
6593.326714,managed-fullframe-lz4,3686400,1439004,1,1,0,60658,2212,35901,99284
6593.435312,managed-fullframe-lz4,3686400,1438970,1,1,0,49414,2509,35413,87848
6593.529979,managed-fullframe-lz4,3686400,1438970,1,1,0,36427,2057,35466,74445
6593.644438,managed-fullframe-lz4,3686400,1438970,1,1,0,55845,2258,35662,94266
6593.750643,managed-fullframe-lz4,3686400,1438970,1,1,0,47581,2323,35442,85838
6593.845834,managed-fullframe-lz4,3686400,1438970,1,1,0,37230,2039,35350,75028
6593.956907,managed-fullframe-lz4,3686400,1438970,1,1,0,50656,2232,35575,89231
6594.065900,managed-fullframe-lz4,3686400,1438970,1,1,0,49513,2638,35417,88082
6594.172344,managed-fullframe-lz4,3686400,1438970,1,1,0,48029,1991,35531,86315
6594.288433,managed-fullframe-lz4,3686400,1438970,1,1,0,57623,1952,35505,95535
6594.404823,managed-fullframe-lz4,3686400,1438970,1,1,0,56266,2184,35271,94235
6594.509707,managed-fullframe-lz4,3686400,1438970,1,1,0,46495,2142,35321,84549
6594.624843,managed-fullframe-lz4,3686400,1438970,1,1,0,56674,1991,35332,94545
6594.738909,managed-fullframe-lz4,3686400,1438970,1,1,0,53933,2492,35323,92367
6594.852272,managed-fullframe-lz4,3686400,1438970,1,1,0,54416,1960,35651,92460
6594.958398,managed-fullframe-lz4,3686400,1438970,1,1,0,46927,2473,35496,85414
6595.070072,managed-fullframe-lz4,3686400,1438970,1,1,0,52715,1973,35513,90779
6595.180990,managed-fullframe-lz4,3686400,1438970,1,1,0,52365,2110,35178,90105
6595.289168,managed-fullframe-lz4,3686400,1438970,1,1,0,49380,2353,35408,87587
6595.385164,managed-fullframe-lz4,3686400,1438970,1,1,0,37922,2065,35399,75875
6595.505119,managed-fullframe-lz4,3686400,1438970,1,1,0,61076,1997,35535,99132
6595.615183,managed-fullframe-lz4,3686400,1438970,1,1,0,51091,2428,35310,89278
6595.718943,managed-fullframe-lz4,3686400,1438970,1,1,0,44796,2187,35733,83277
6595.830904,managed-fullframe-lz4,3686400,1438970,1,1,0,52619,2170,35403,90702
6595.940992,managed-fullframe-lz4,3686400,1438970,1,1,0,50923,2432,35254,89073
6596.041626,managed-fullframe-lz4,3686400,1438970,1,1,0,41443,2126,35531,79545
6596.154469,managed-fullframe-lz4,3686400,1438970,1,1,0,54001,2166,35457,92120
6596.248928,managed-fullframe-lz4,3686400,1438970,1,1,0,36131,2326,35492,74356
6596.356817,managed-fullframe-lz4,3686400,1438970,1,1,0,48874,2164,35582,87365
6596.471456,managed-fullframe-lz4,3686400,1438970,1,1,0,54803,2439,35301,93025
6596.588207,managed-fullframe-lz4,3686400,1438970,1,1,0,58532,2184,35183,96336
6596.699640,managed-fullframe-lz4,3686400,1438970,1,1,0,52374,1979,36106,90978
6596.821707,managed-fullframe-lz4,3686400,1438970,1,1,0,62683,2247,35317,100809
6596.928711,managed-fullframe-lz4,3686400,1438970,1,1,0,48228,1965,35409,86079
6597.046945,managed-fullframe-lz4,3686400,1438970,1,1,0,59646,2161,35248,97518
6597.154578,managed-fullframe-lz4,3686400,1438970,1,1,0,49041,2298,35231,87096
6597.248558,managed-fullframe-lz4,3686400,1438970,1,1,0,35612,2038,35546,73711
6597.356860,managed-fullframe-lz4,3686400,1438970,1,1,0,49052,2183,35523,87482
6597.466283,managed-fullframe-lz4,3686400,1438970,1,1,0,50443,2364,35302,88573
6597.568980,managed-fullframe-lz4,3686400,1438970,1,1,0,44338,1935,35304,82004
6597.680164,managed-fullframe-lz4,3686400,1438970,1,1,0,53201,1889,35328,90893
6597.794885,managed-fullframe-lz4,3686400,1438970,1,1,0,55793,2320,35251,93821
6597.898158,managed-fullframe-lz4,3686400,1438970,1,1,0,44097,2169,35633,82291
6598.013163,managed-fullframe-lz4,3686400,1438970,1,1,0,55569,1877,35662,93646
6598.126757,managed-fullframe-lz4,3686400,1438970,1,1,0,55327,2500,35209,93581
6598.234029,managed-fullframe-lz4,3686400,1438970,1,1,0,48493,2177,35685,86815
6598.348949,managed-fullframe-lz4,3686400,1438970,1,1,0,55977,2266,35308,94048
6598.455919,managed-fullframe-lz4,3686400,1438970,1,1,0,48060,2250,35427,86339
6598.567698,managed-fullframe-lz4,3686400,1438970,1,1,0,53171,2167,35719,91519
6720.570778,A-solid,3686400,14470,1,1,0,6809,689,475,8106
6721.571202,A-solid,3686400,14470,1,1,0,8129,738,635,9635
6722.571976,A-solid,3686400,14470,1,1,0,7575,708,484,8897
6723.570905,A-solid,3686400,14470,1,1,0,6985,810,490,8540
6724.573151,A-solid,3686400,14470,1,1,0,7161,860,679,8955
6725.573233,A-solid,3686400,14470,1,1,0,7060,1940,802,9939
6741.631343,B-motion,3686400,14467,1,1,0,1915,1907,1312,5210
6747.897848,B-motion,3686400,14493,1,1,0,4823,616,462,6007
6748.915213,B-motion,3686400,14493,1,1,0,7450,755,479,8818
6749.904506,B-motion,3686400,14493,1,1,0,6559,701,477,7886
6750.908974,B-motion,3686400,14493,1,1,0,8142,617,488,9799
6751.904796,B-motion,3686400,14493,1,1,0,6096,661,595,7487
6752.905773,B-motion,3686400,14493,1,1,0,7519,1097,648,9448
6753.901682,B-motion,3686400,14493,1,1,0,4752,594,460,5912
6754.906155,B-motion,3686400,14493,1,1,0,7320,654,482,8603
6755.907964,B-motion,3686400,14493,1,1,0,6050,607,484,7277
6760.675060,C-gradient-image-proxy,3686400,14467,1,1,0,1455,2520,1350,5392
6760.773115,C-gradient-image-proxy,3686400,15906,1,1,0,7874,1178,515,9717
6761.777487,C-gradient-image-proxy,3686400,15906,1,1,0,8160,810,508,9616
6762.769090,C-gradient-image-proxy,3686400,15906,1,1,0,8150,630,534,9459
6763.772431,C-gradient-image-proxy,3686400,15906,1,1,0,7704,632,512,9370
6764.771735,C-gradient-image-proxy,3686400,15906,1,1,0,8945,808,611,10499
6765.774490,C-gradient-image-proxy,3686400,15906,1,1,0,9802,657,502,11107
6766.768924,C-gradient-image-proxy,3686400,15906,1,1,0,8582,852,515,10079
6767.771378,C-gradient-image-proxy,3686400,15906,1,1,0,7943,922,511,9519
6768.771480,C-gradient-image-proxy,3686400,15906,1,1,0,8237,961,523,9893
6772.641208,D-noise-high-entropy,3686400,14467,1,1,0,3443,626,445,4585
6780.356007,D-noise-high-entropy,3686400,3686400,1,0,1,6507,9563,91742,110088
6781.264507,D-noise-high-entropy,3686400,14467,1,1,0,7510,1070,471,9199
6782.355895,D-noise-high-entropy,3686400,3686400,1,0,1,6868,5073,91638,105965
6783.347722,D-noise-high-entropy,3686400,3686400,1,0,1,7132,1575,91961,102597
6784.354339,D-noise-high-entropy,3686400,3686400,1,0,1,6762,4918,92207,105969
6785.361970,D-noise-high-entropy,3686400,3686400,1,0,1,6816,5588,95213,111293
6786.352424,D-noise-high-entropy,3686400,3686400,1,0,1,7411,5253,92083,106919
6787.356933,D-noise-high-entropy,3686400,3686400,1,0,1,6935,5031,91962,107086
6788.358136,D-noise-high-entropy,3686400,3686400,1,0,1,7019,7503,91987,108970
6998.255761,A-solid-repeat,3686400,14467,1,1,0,1548,2460,1320,5414
6998.352717,A-solid-repeat,3686400,14470,1,1,0,6849,4177,727,11925
6999.362680,A-solid-repeat,3686400,14470,1,1,0,5733,642,472,6966
7000.350411,A-solid-repeat,3686400,14470,1,1,0,7527,667,488,8825
7001.353828,A-solid-repeat,3686400,14470,1,1,0,7048,700,486,8385
7002.352993,A-solid-repeat,3686400,14470,1,1,0,6812,830,514,8284
7003.355601,A-solid-repeat,3686400,14470,1,1,0,7447,799,482,9219
7004.354758,A-solid-repeat,3686400,14470,1,1,0,7112,1331,477,9056
7005.353734,A-solid-repeat,3686400,14470,1,1,0,6675,1678,759,9265
7006.353831,A-solid-repeat,3686400,14470,1,1,0,7390,853,480,8859
