frame_seq,e2e_source_ready_to_worker_end_us
1,15190.157
2,17905.210
3,17441.044
4,17620.158
5,19571.252
6,24799.117
7,25589.846
8,22941.356
9,19570.835
10,22017.763
11,20539.534
12,18622.814
13,18136.721
14,34769.431
15,51712.453
16,45174.849
17,32392.452
18,37311.150
19,28541.253
20,19287.606
21,19775.314
22,19583.909
23,7958.855
24,8021.511
25,8127.865
26,9306.303
27,7405.626
28,9861.407
29,10986.564
30,10951.616
31,14892.605
32,15789.689
33,9274.116
34,9862.501
35,7653.595
36,8486.563
37,8636.928
38,9390.261
39,9695.157
40,9406.042
41,11114.324
42,12245.626
43,13962.293
44,13366.929
45,8429.740
46,8490.106
47,9790.782
48,14786.773
49,20237.398
50,22169.325
51,22734.950
52,22436.617
53,21484.116
54,22842.867
55,22429.846
56,23564.951
57,23112.502
58,23844.273
59,22216.096
60,22850.367
61,22590.471
62,22914.117
63,22724.899
64,23615.524
65,22896.721
66,22984.325
67,22028.388
68,22158.961
69,21446.617
70,22784.012
71,22443.336
72,21173.075
73,20304.168
74,22058.596
75,20897.710
76,17870.523
77,23069.846
78,22715.002
79,23708.387
80,22751.513
81,22527.137
82,17824.690
83,17351.147
84,18047.710
85,19819.013
86,21405.523
87,21670.263
88,23283.492
89,19476.721
90,15324.793
91,12230.366
92,9079.428
93,8468.699
94,8726.198
95,7997.761
96,8245.574
97,9085.470
98,102573.917
101,138695.951
106,123018.085
110,134199.857
115,115593.606
119,125053.763
123,173372.361
129,148251.369
134,151382.306
139,173698.507
145,151764.599
150,193850.488
157,178808.403
163,174354.028
169,169603.038
175,124660.794
179,148566.838
184,180612.310
190,129261.680
194,150173.765
199,185892.674
205,138716.316
210,155202.099
215,197928.874
222,185907.154
228,203667.937
235,135549.649
240,142735.743
245,166444.704
251,152643.921
256,158583.714
261,166088.871
267,164889.339
273,148292.671
278,176090.746
284,154161.370
289,151015.796
294,152724.442
299,160176.579
305,161724.183
311,160362.776
317,144011.785
322,147019.077
327,144523.764
332,144758.608
337,149431.890
342,157996.213
347,165116.579
353,145658.921
358,157307.516
363,160280.432
368,143956.525
373,180203.351
379,143109.025
384,149433.712
389,136689.702
394,144274.858
399,168701.579
405,145438.869
410,180121.529
416,139685.952
421,128313.346
425,164009.912
431,124528.293
435,157270.067
440,190527.415
447,125271.940
451,160608.297
457,118886.626
461,131088.346
465,162136.683
470,144516.525
475,150521.213
480,184092.102
487,162929.548
493,143047.202
498,151234.181
503,179836.476
509,153136.786
514,190107.155
521,121844.543
525,135463.086
530,144032.618
535,129749.753
539,144112.201
544,139823.243
549,125515.585
553,189064.289
560,158726.995
566,160355.225
572,178888.404
578,151421.005
583,180871.737
589,183716.790
595,185085.956
602,162415.537
608,158936.839
614,169067.777
620,153256.474
625,193031.582
632,170769.653
638,178224.029
644,184101.216
651,163136.683
657,129416.107
661,183232.258
668,157068.402
673,185374.289
680,183116.685
686,150993.765
691,150032.515
696,176645.174
702,157221.891
708,159071.995
714,183378.248
721,165270.694
727,187119.758
734,170951.684
740,192315.019
747,118938.918
751,138790.222
756,131960.795
761,121756.731
765,129489.076
769,138544.024
774,124532.252
778,139808.608
783,117768.032
787,125643.241
791,131651.315
796,117164.804
800,115412.407
804,111514.751
808,136513.243
813,48043.078
814,66481.153
816,54240.890
818,38694.431
819,53057.297
821,42251.254
822,52628.026
824,41643.910
825,51689.276
827,39939.952
828,53876.672
830,43053.494
831,57457.349
833,46268.494
834,59141.047
836,47935.474
837,61000.266
839,44348.962
840,59444.121
842,49594.796
843,59692.506
845,40754.379
846,53411.203
848,42667.192
849,56386.204
851,44518.703
852,55323.599
854,42680.421
855,52927.297
857,40945.837
858,55842.714
860,45003.546
861,57532.350
863,45512.557
864,69633.705
866,55731.360
868,46374.431
869,59110.058
871,46440.109
872,58570.892
874,44777.452
875,65847.871
877,59544.537
878,72509.694
880,51557.193
881,67361.830
883,53610.474
885,43726.306
886,55632.974
888,44005.213
889,54989.068
891,40807.348
892,52323.495
894,42250.265
895,53638.078
897,40611.879
898,64105.162
900,51539.381
901,64899.069
903,60323.964
905,44583.390
906,60611.517
908,54244.693
910,48831.724
911,65505.267
913,57839.798
915,45641.932
916,113699.230
920,116128.293
924,96951.416
927,121319.856
931,69377.455
933,61396.568
935,54059.693
937,47088.078
938,67289.277
940,61280.944
942,62565.527
944,58768.391
945,69821.101
947,54281.776
949,46428.598
950,68755.319
952,62167.610
954,54227.923
955,71464.330
957,61984.954
959,53968.547
961,42753.650
962,61402.350
964,53829.902
966,46706.515
967,66025.007
969,56984.797
971,46323.338
972,62154.069
974,55229.277
976,47046.620
977,65733.809
979,59331.047
981,53888.860
983,52767.922
984,81473.497
987,55663.287
989,56358.755
991,58716.516
993,59780.422
995,60370.267
997,63167.506
999,66139.277
1001,63901.100
1003,65357.194
1005,64467.715
1007,65242.298
1009,70992.038
1011,75034.747
1013,77643.914
1015,81825.425
1017,77831.518
1019,80686.623
1022,57908.599
1024,59354.173
1026,60993.027
1028,63752.767
1030,63810.684
1032,64737.715
1034,67057.975
1036,70583.549
1038,73388.705
1040,73740.112
1042,76990.164
1044,79822.872
1047,54781.724
1049,54147.765
1051,53045.682
1052,78509.747
1055,55520.995
1057,57421.724
1059,56929.693
1061,59619.433
1063,62321.933
1065,66718.236
1067,67528.341
1069,69613.653
1071,69087.403
1073,73979.122
1075,82027.040
1078,59627.558
1080,64625.840
1082,67540.944
1084,68906.361
1086,67798.757
1088,75371.518
1090,66930.631
1092,66197.871
1094,68993.549
1096,70601.518
1098,71595.580
1100,73584.278
1102,76660.737
1104,75844.070
1106,77612.559
1108,80749.488
1110,79537.091
1112,73202.507
1114,72071.517
1116,75901.049
1118,78800.321
1121,55027.141
1123,57390.631
1125,55280.526
1127,58677.194
1129,57964.224
1131,55945.787
1133,59948.496
1135,68317.298
1137,72137.507
1139,79693.289
1141,84061.675
1144,68301.934
1146,70652.612
1148,78833.445
1151,61971.621
1153,70532.247
1155,75547.872
1157,80702.612
1159,86102.405
1162,59580.006
1164,69547.507
1166,79046.623
1169,62216.152
1171,64803.131
1173,73628.549
1175,81425.320
1178,66346.413
1180,73632.455
1182,81044.019
1185,63006.308
1187,66246.673
1189,75892.039
1191,75563.289
1193,78004.643
1195,88166.779
1198,62040.423
1199,90798.759
1202,73351.882
1204,78504.643
1206,81761.935
1209,65137.767
1211,73606.987
1213,83664.331
1216,65158.288
1218,75303.497
1220,84765.893
1223,67661.570
1225,79260.112
1227,89694.645
1230,68504.330
1232,77615.164
1234,86747.977
1237,65915.684
1239,75881.830
1241,85681.155
1244,67049.850
1246,75075.476
1248,87635.061
1251,65647.767
1253,72201.414
1255,85267.925
1258,66109.798
1260,76468.237
1262,87233.550
1265,68126.309
1267,77690.007
1269,89629.384
1272,69186.830
1274,78723.445
1277,60061.099
1279,68337.976
1281,82589.175
1283,81635.373
1286,47980.109
1287,59857.558
1289,50375.005
1290,68697.924
1292,65032.298
1294,56590.579
1296,52259.589
1298,46617.088
1299,64779.902
1301,57236.620
1303,45452.348
1304,63827.038
1306,58133.026
1308,53644.276
1310,50551.203
1311,72206.361
1313,67990.788
1315,63747.090
1317,57565.631
1319,52992.193
1321,49428.286
1322,70657.715
1324,63478.444
1326,57786.360
1328,54063.912
1330,47926.463
1331,66251.622
1333,63906.934
1335,59901.203
1337,60752.245
1339,54187.766
1341,51075.109
1342,68794.746
1344,60462.194
1346,50337.453
1347,71562.663
1349,61427.350
1351,53199.068
1352,64168.235
1354,57831.099
1356,48611.255
1357,71788.237
1359,60871.204
1361,57336.100
1362,78228.497
1364,55227.141
1366,52923.495
1368,47150.109
1369,69285.840
1371,57249.798
1373,54055.682
1375,48785.474
1376,65537.507
1378,58579.693
1380,59554.589
1382,61830.111
1384,57773.131
1386,57094.745
1387,71682.976
1389,67689.382
1391,63569.798
1393,61679.590
1395,57467.298
1396,65482.819
1398,62273.184
1400,65354.017
1402,62302.610
1404,65003.705
1406,66602.402
1408,65434.329
1410,64995.163
1412,67842.298
1414,63950.579
1416,63547.663
1418,64839.694
1420,66548.183
1422,70721.986
1424,73188.549
1426,68328.184
1428,68234.486
1430,69331.569
1432,69671.361
1434,66186.830
1436,67570.423
1438,71285.320
1440,71002.663
1442,70226.935
1444,67611.309
1446,70726.986
1448,71763.862
1450,72571.153
1452,72957.455
1454,74379.382
1456,79084.227
1459,55929.225
1461,58582.402
1463,61681.881
1465,62795.162
1467,65061.152
1469,68115.007
1471,71429.538
1473,70145.059
1475,71621.569
1477,72284.799
1479,75720.945
1481,76876.674
1483,77729.434
1485,80868.862
1488,53662.192
1490,54623.756
1492,55648.235
1494,58528.026
1496,60891.985
1498,64095.891
1500,61031.516
1502,63829.955
1504,64548.340
1506,66631.934
1508,65939.225
1510,61345.787
1512,59050.839
1514,61624.798
1516,65823.756
1518,70099.121
1520,72695.060
1522,65904.642
1524,65472.611
1526,70311.778
1528,74846.205
1530,77921.831
1532,80261.726
1535,55701.776
1536,81082.560
1539,59361.256
1541,59443.339
1542,80634.279
1544,80835.737
1546,71861.883
1548,73045.476
1550,74269.903
1552,72808.496
1554,76206.830
1556,79884.800
1558,78485.164
1560,80043.706
1562,83428.655
1565,62125.892
1567,60244.225
1569,64674.486
1571,70742.351
1573,75373.497
1575,81140.946
1578,56657.558
1580,59006.777
1582,57955.631
1583,83129.435
1586,54995.006
1587,85129.279
1590,60093.235
1591,79818.915
1593,80539.539
1596,59436.360
1598,63985.215
1600,71017.039
1602,74959.382
1604,78068.914
1606,84372.196
1609,61859.069
1610,95341.363
1612,87855.269
1615,58992.453
1617,65456.153
1619,61897.975
1621,64982.142
1623,70172.924
1625,98989.749
1628,119348.554
1632,104472.198
1635,131255.429
1639,132226.992
1644,100434.385
1647,121331.574
1651,119239.127
1655,121992.668
1659,117774.387
1663,116345.480
1667,120936.471
1671,116253.241
1675,122008.710
1679,125387.773
1683,123949.335
1687,127408.502
1691,131353.711
1696,105676.573
1700,108329.334
1704,116549.127
1708,114995.428
1712,120179.700
1716,112716.365
1720,116969.647
1724,114601.262
1728,121188.033
1732,114025.324
1736,121612.773
1740,124151.575
1744,127881.263
1748,143453.765
1753,120842.200
1757,131994.545
1762,111335.532
1766,110765.427
1770,118756.782
1774,123414.804
1778,133421.315
1783,119846.574
1787,134314.909
1792,122634.804
1796,136781.992
1801,124162.981
1805,135101.628
1810,114063.032
1814,118513.762
1818,126823.607
1823,113124.647
1827,114665.688
1831,122523.502
1835,120803.294
1839,113715.480
1843,125798.919
1847,141211.160
1852,121041.470
1856,135206.785
1861,124247.565
1865,140359.649
1870,130469.388
1875,124388.346
1879,117469.908
1883,131055.118
1888,107937.146
1892,111298.188
1896,113154.803
1900,125512.460
1904,121296.678
1908,128788.398
1912,131562.982
1917,117011.834
1921,131088.711
1926,111009.126
1930,121714.595
1934,130643.294
1939,87282.561
1942,125948.554
1947,109477.251
1951,122865.793
1955,120052.043
1959,126041.627
1964,108109.750
1968,109855.427
1972,109923.448
1976,126392.616
1980,137996.732
1985,114812.356
1989,116006.053
1993,127041.367
1997,137283.556
2002,120898.502
2006,120485.585
2010,120931.314
2014,114404.803
2018,113559.594
2022,124342.981
2026,131461.315
2031,108911.677
2035,123608.814
2039,126503.919
2044,99165.843
2047,136639.753
2052,111796.469
2056,123050.481
2060,123899.283
2064,127844.387
2069,111978.501
2073,101487.770
2076,126725.273
2080,131702.357
2085,111648.814
2089,123072.617
2093,125191.628
2097,115871.834
2101,125389.961
2105,125994.961
2109,117725.949
2113,123508.294
2117,126058.710
2121,128243.398
2125,140674.180
2130,125760.116
2134,125090.637
2138,137686.108
2143,119515.950
2147,125469.804
2151,121291.210
2155,128237.773
2159,135648.503
2164,111326.573
2168,103540.427
2171,146146.525
2176,123018.450
2180,117639.491
2184,124598.554
2188,130397.044
2193,101391.781
2196,136095.586
2201,96284.020
2204,126262.825
2208,134456.992
2213,118600.637
2217,126285.273
2221,142047.306
2226,117228.918
2230,129011.159
2234,130160.586
2238,118615.064
2242,119764.074
2246,117147.095
2250,109869.959
2254,117928.710
2258,125354.908
2262,118987.564
2266,129552.981
2270,138137.149
2275,117413.397
2279,125903.606
2283,127749.961
2287,130946.107
