payload_seq,run,transfer_bytes,output_bytes,read_size,compression,ratio,recv_ms,decompress_ms,copy_ms,total_ms
1,managed-fullframe-lz4,14467,3686400,14467,1,254.81,10,19,4,23
2,managed-fullframe-lz4,14467,3686400,14467,1,254.81,10,7,4,12
3,managed-fullframe-lz4,14467,3686400,14467,1,254.81,10,7,5,12
4,managed-fullframe-lz4,14467,3686400,14467,1,254.81,10,7,4,12
5,managed-fullframe-lz4,14467,3686400,14467,1,254.81,10,6,4,10
6,managed-fullframe-lz4,14467,3686400,14467,1,254.81,9,6,4,10
7,managed-fullframe-lz4,14467,3686400,14467,1,254.81,6,6,4,10
8,managed-fullframe-lz4,14467,3686400,14467,1,254.81,3,6,4,10
9,managed-fullframe-lz4,14467,3686400,14467,1,254.81,4,6,4,10
10,managed-fullframe-lz4,14467,3686400,14467,1,254.81,10,6,4,10
11,managed-fullframe-lz4,14467,3686400,14467,1,254.81,6,6,4,10
12,managed-fullframe-lz4,14467,3686400,14467,1,254.81,7,5,4,9
13,managed-fullframe-lz4,14467,3686400,14467,1,254.81,9,6,4,10
14,managed-fullframe-lz4,14467,3686400,14467,1,254.81,10,6,4,11
15,managed-fullframe-lz4,14467,3686400,14467,1,254.81,3,6,4,10
16,managed-fullframe-lz4,14467,3686400,14467,1,254.81,6,6,4,11
17,managed-fullframe-lz4,14467,3686400,14467,1,254.81,2,6,5,12
18,managed-fullframe-lz4,14467,3686400,14467,1,254.81,5,6,4,11
19,managed-fullframe-lz4,14467,3686400,14467,1,254.81,7,6,4,10
20,managed-fullframe-lz4,14467,3686400,14467,1,254.81,2,6,4,10
21,managed-fullframe-lz4,14467,3686400,14467,1,254.81,8,6,4,10
22,managed-fullframe-lz4,14467,3686400,14467,1,254.81,7,6,4,11
23,managed-fullframe-lz4,14467,3686400,14467,1,254.81,10,6,4,10
24,managed-fullframe-lz4,14467,3686400,14467,1,254.81,10,5,3,9
25,managed-fullframe-lz4,14467,3686400,14467,1,254.81,10,5,3,9
26,managed-fullframe-lz4,14467,3686400,14467,1,254.81,10,5,4,9
27,managed-fullframe-lz4,14467,3686400,14467,1,254.81,10,5,3,9
28,managed-fullframe-lz4,14467,3686400,14467,1,254.81,10,5,4,10
29,managed-fullframe-lz4,14467,3686400,14467,1,254.81,10,5,3,9
30,managed-fullframe-lz4,14467,3686400,14467,1,254.81,10,5,3,9
31,managed-fullframe-lz4,14467,3686400,14467,1,254.81,10,5,4,10
32,managed-fullframe-lz4,14467,3686400,14467,1,254.81,10,5,3,9
33,managed-fullframe-lz4,14467,3686400,14467,1,254.81,10,5,4,10
34,managed-fullframe-lz4,14467,3686400,14467,1,254.81,10,5,4,10
35,managed-fullframe-lz4,14467,3686400,14467,1,254.81,10,5,4,9
36,managed-fullframe-lz4,14467,3686400,14467,1,254.81,10,5,3,9
37,managed-fullframe-lz4,14467,3686400,14467,1,254.81,10,5,3,9
38,managed-fullframe-lz4,14467,3686400,14467,1,254.81,10,5,3,9
39,managed-fullframe-lz4,14467,3686400,14467,1,254.81,10,5,3,9
40,managed-fullframe-lz4,14467,3686400,14467,1,254.81,10,5,3,9
41,managed-fullframe-lz4,14467,3686400,14467,1,254.81,10,5,3,9
42,managed-fullframe-lz4,14467,3686400,14467,1,254.81,10,5,3,9
43,managed-fullframe-lz4,14467,3686400,14467,1,254.81,10,5,3,9
44,managed-fullframe-lz4,14467,3686400,14467,1,254.81,10,5,3,9
45,managed-fullframe-lz4,14467,3686400,14467,1,254.81,10,5,3,9
46,managed-fullframe-lz4,14467,3686400,14467,1,254.81,10,5,3,8
47,managed-fullframe-lz4,14467,3686400,14467,1,254.81,10,5,3,9
48,managed-fullframe-lz4,14467,3686400,14467,1,254.81,10,5,3,9
49,managed-fullframe-lz4,14467,3686400,14467,1,254.81,10,5,3,9
50,managed-fullframe-lz4,14467,3686400,14467,1,254.81,8,5,3,9
51,managed-fullframe-lz4,14467,3686400,14467,1,254.81,6,5,3,9
52,managed-fullframe-lz4,14467,3686400,14467,1,254.81,7,5,3,9
53,managed-fullframe-lz4,14467,3686400,14467,1,254.81,6,5,3,9
54,managed-fullframe-lz4,14467,3686400,14467,1,254.81,6,5,4,9
55,managed-fullframe-lz4,14467,3686400,14467,1,254.81,5,5,3,8
56,managed-fullframe-lz4,14467,3686400,14467,1,254.81,7,5,3,9
57,managed-fullframe-lz4,14467,3686400,14467,1,254.81,5,5,3,9
58,managed-fullframe-lz4,14467,3686400,14467,1,254.81,5,5,4,9
59,managed-fullframe-lz4,14467,3686400,14467,1,254.81,5,5,3,9
60,managed-fullframe-lz4,14467,3686400,14467,1,254.81,7,5,4,9
61,managed-fullframe-lz4,14467,3686400,14467,1,254.81,6,5,3,9
62,managed-fullframe-lz4,14467,3686400,14467,1,254.81,7,5,3,8
63,managed-fullframe-lz4,14467,3686400,14467,1,254.81,6,5,3,9
64,managed-fullframe-lz4,14467,3686400,14467,1,254.81,7,5,4,10
65,managed-fullframe-lz4,14467,3686400,14467,1,254.81,4,5,3,8
66,managed-fullframe-lz4,14467,3686400,14467,1,254.81,7,5,3,9
67,managed-fullframe-lz4,14467,3686400,14467,1,254.81,5,5,3,9
68,managed-fullframe-lz4,14467,3686400,14467,1,254.81,6,5,3,8
69,managed-fullframe-lz4,14467,3686400,14467,1,254.81,6,5,3,8
70,managed-fullframe-lz4,14467,3686400,14467,1,254.81,7,5,3,8
71,managed-fullframe-lz4,14467,3686400,14467,1,254.81,10,5,3,9
72,managed-fullframe-lz4,14467,3686400,14467,1,254.81,5,5,4,10
73,managed-fullframe-lz4,14467,3686400,14467,1,254.81,6,5,3,9
74,managed-fullframe-lz4,14467,3686400,14467,1,254.81,8,5,3,9
75,managed-fullframe-lz4,14467,3686400,14467,1,254.81,6,5,4,9
76,managed-fullframe-lz4,14467,3686400,14467,1,254.81,7,5,3,9
77,managed-fullframe-lz4,14467,3686400,14467,1,254.81,10,5,3,9
78,managed-fullframe-lz4,14467,3686400,14467,1,254.81,6,5,3,9
79,managed-fullframe-lz4,14467,3686400,14467,1,254.81,6,5,4,9
80,managed-fullframe-lz4,14467,3686400,14467,1,254.81,5,5,3,9
81,managed-fullframe-lz4,14467,3686400,14467,1,254.81,9,5,3,9
82,managed-fullframe-lz4,14467,3686400,14467,1,254.81,8,5,3,9
83,managed-fullframe-lz4,29290,3686400,29290,1,125.86,10,3,3,7
84,managed-fullframe-lz4,29290,3686400,29290,1,125.86,10,3,3,7
85,managed-fullframe-lz4,29290,3686400,29290,1,125.86,10,3,3,7
86,managed-fullframe-lz4,29290,3686400,29290,1,125.86,10,3,3,7
87,managed-fullframe-lz4,29290,3686400,29290,1,125.86,9,3,3,7
88,managed-fullframe-lz4,29290,3686400,29290,1,125.86,9,3,3,7
89,managed-fullframe-lz4,29290,3686400,29290,1,125.86,10,3,3,7
90,managed-fullframe-lz4,29290,3686400,29290,1,125.86,10,3,3,7
91,managed-fullframe-lz4,29290,3686400,29290,1,125.86,10,3,3,7
92,managed-fullframe-lz4,29290,3686400,29290,1,125.86,10,3,4,8
93,managed-fullframe-lz4,29676,3686400,29676,1,124.22,10,3,3,7
94,managed-fullframe-lz4,29676,3686400,29676,1,124.22,10,3,3,7
95,managed-fullframe-lz4,29676,3686400,29676,1,124.22,10,3,3,7
96,managed-fullframe-lz4,29676,3686400,29676,1,124.22,10,3,3,7
97,managed-fullframe-lz4,29676,3686400,29676,1,124.22,10,3,3,7
98,managed-fullframe-lz4,29676,3686400,29676,1,124.22,10,3,3,7
99,managed-fullframe-lz4,1891678,3686400,1891678,1,1.95,60,17,4,21
100,managed-fullframe-lz4,2471679,3686400,2471679,1,1.49,75,14,3,18
101,managed-fullframe-lz4,2849238,3686400,2849238,1,1.29,84,11,3,14
102,managed-fullframe-lz4,2846070,3686400,2846070,1,1.30,84,11,3,15
103,managed-fullframe-lz4,2846013,3686400,2846013,1,1.30,85,11,3,14
104,managed-fullframe-lz4,2846013,3686400,2846013,1,1.30,84,11,3,14
105,managed-fullframe-lz4,2846013,3686400,2846013,1,1.30,75,11,3,15
106,managed-fullframe-lz4,2846013,3686400,2846013,1,1.30,74,11,3,15
107,managed-fullframe-lz4,2846013,3686400,2846013,1,1.30,74,11,3,15
108,managed-fullframe-lz4,2846013,3686400,2846013,1,1.30,75,11,3,15
109,managed-fullframe-lz4,2846013,3686400,2846013,1,1.30,74,11,3,14
110,managed-fullframe-lz4,2846013,3686400,2846013,1,1.30,76,11,3,14
111,managed-fullframe-lz4,2846013,3686400,2846013,1,1.30,74,11,3,15
112,managed-fullframe-lz4,2846013,3686400,2846013,1,1.30,74,11,3,15
113,managed-fullframe-lz4,2846013,3686400,2846013,1,1.30,74,11,3,14
114,managed-fullframe-lz4,2846013,3686400,2846013,1,1.30,74,11,3,14
115,managed-fullframe-lz4,2846013,3686400,2846013,1,1.30,75,11,3,15
116,managed-fullframe-lz4,2846013,3686400,2846013,1,1.30,74,11,4,16
117,managed-fullframe-lz4,2846013,3686400,2846013,1,1.30,74,11,3,14
118,managed-fullframe-lz4,2846013,3686400,2846013,1,1.30,75,11,3,15
119,managed-fullframe-lz4,2846013,3686400,2846013,1,1.30,77,15,4,19
120,managed-fullframe-lz4,2846013,3686400,2846013,1,1.30,77,15,3,19
121,managed-fullframe-lz4,2846013,3686400,2846013,1,1.30,76,15,4,19
122,managed-fullframe-lz4,2846013,3686400,2846013,1,1.30,78,18,4,22
123,managed-fullframe-lz4,2846013,3686400,2846013,1,1.30,77,15,3,19
124,managed-fullframe-lz4,2846013,3686400,2846013,1,1.30,87,15,4,20
125,managed-fullframe-lz4,2846013,3686400,2846013,1,1.30,77,15,4,19
126,managed-fullframe-lz4,2845965,3686400,2845965,1,1.30,77,18,4,22
127,managed-fullframe-lz4,2845821,3686400,2845821,1,1.30,77,15,4,19
128,managed-fullframe-lz4,2845983,3686400,2845983,1,1.30,77,18,4,22
129,managed-fullframe-lz4,2846115,3686400,2846115,1,1.30,86,15,4,19
130,managed-fullframe-lz4,2845968,3686400,2845968,1,1.30,79,15,4,19
131,managed-fullframe-lz4,2845726,3686400,2845726,1,1.30,85,18,4,22
132,managed-fullframe-lz4,2845726,3686400,2845726,1,1.30,78,15,4,19
133,managed-fullframe-lz4,2845726,3686400,2845726,1,1.30,78,18,4,22
134,managed-fullframe-lz4,2846034,3686400,2846034,1,1.30,86,15,3,19
135,managed-fullframe-lz4,2845917,3686400,2845917,1,1.30,80,15,4,19
136,managed-fullframe-lz4,2845917,3686400,2845917,1,1.30,85,18,4,22
137,managed-fullframe-lz4,2845881,3686400,2845881,1,1.30,78,15,4,19
138,managed-fullframe-lz4,2846065,3686400,2846065,1,1.30,77,15,4,19
139,managed-fullframe-lz4,2846257,3686400,2846257,1,1.30,85,18,4,22
140,managed-fullframe-lz4,2846234,3686400,2846234,1,1.30,90,15,3,19
141,managed-fullframe-lz4,2846181,3686400,2846181,1,1.30,86,18,4,22
142,managed-fullframe-lz4,2845784,3686400,2845784,1,1.30,88,15,3,19
143,managed-fullframe-lz4,2846206,3686400,2846206,1,1.30,77,15,4,19
144,managed-fullframe-lz4,2845956,3686400,2845956,1,1.30,86,15,4,19
145,managed-fullframe-lz4,2846192,3686400,2846192,1,1.30,91,18,4,22
146,managed-fullframe-lz4,2846216,3686400,2846216,1,1.30,85,15,4,19
147,managed-fullframe-lz4,2846132,3686400,2846132,1,1.30,77,15,4,19
148,managed-fullframe-lz4,2846140,3686400,2846140,1,1.30,87,18,5,23
149,managed-fullframe-lz4,2846244,3686400,2846244,1,1.30,86,15,4,20
150,managed-fullframe-lz4,2846093,3686400,2846093,1,1.30,80,15,4,20
151,managed-fullframe-lz4,2845986,3686400,2845986,1,1.30,88,18,4,22
152,managed-fullframe-lz4,2845986,3686400,2845986,1,1.30,77,15,4,19
153,managed-fullframe-lz4,2846020,3686400,2846020,1,1.30,87,15,4,19
154,managed-fullframe-lz4,2845944,3686400,2845944,1,1.30,77,15,4,19
155,managed-fullframe-lz4,2846146,3686400,2846146,1,1.30,77,15,3,19
156,managed-fullframe-lz4,2846306,3686400,2846306,1,1.30,85,15,3,19
157,managed-fullframe-lz4,2846112,3686400,2846112,1,1.30,80,15,4,20
158,managed-fullframe-lz4,2846155,3686400,2846155,1,1.30,86,15,4,19
159,managed-fullframe-lz4,2846697,3686400,2846697,1,1.29,85,18,4,22
160,managed-fullframe-lz4,2846836,3686400,2846836,1,1.29,81,15,4,19
161,managed-fullframe-lz4,2846569,3686400,2846569,1,1.30,85,15,4,20
162,managed-fullframe-lz4,2845992,3686400,2845992,1,1.30,78,15,4,19
163,managed-fullframe-lz4,2845857,3686400,2845857,1,1.30,77,17,4,22
164,managed-fullframe-lz4,2846066,3686400,2846066,1,1.30,86,15,4,19
165,managed-fullframe-lz4,2846071,3686400,2846071,1,1.30,80,15,3,19
166,managed-fullframe-lz4,2846188,3686400,2846188,1,1.30,85,18,4,22
167,managed-fullframe-lz4,2846081,3686400,2846081,1,1.30,86,15,4,20
168,managed-fullframe-lz4,2846277,3686400,2846277,1,1.30,80,15,3,19
169,managed-fullframe-lz4,2846277,3686400,2846277,1,1.30,86,15,3,19
170,managed-fullframe-lz4,2846277,3686400,2846277,1,1.30,77,16,4,20
171,managed-fullframe-lz4,2846277,3686400,2846277,1,1.30,77,15,4,20
172,managed-fullframe-lz4,2846217,3686400,2846217,1,1.30,77,15,4,19
173,managed-fullframe-lz4,2846483,3686400,2846483,1,1.30,77,18,4,22
174,managed-fullframe-lz4,2846635,3686400,2846635,1,1.30,85,15,4,19
175,managed-fullframe-lz4,2846259,3686400,2846259,1,1.30,80,18,4,22
176,managed-fullframe-lz4,2846260,3686400,2846260,1,1.30,86,15,4,19
177,managed-fullframe-lz4,2846262,3686400,2846262,1,1.30,77,15,4,20
178,managed-fullframe-lz4,2846262,3686400,2846262,1,1.30,87,17,4,22
179,managed-fullframe-lz4,2846609,3686400,2846609,1,1.30,86,15,4,20
180,managed-fullframe-lz4,2846707,3686400,2846707,1,1.29,80,15,4,19
181,managed-fullframe-lz4,2846819,3686400,2846819,1,1.29,85,18,4,22
182,managed-fullframe-lz4,2846941,3686400,2846941,1,1.29,87,15,4,20
183,managed-fullframe-lz4,2846941,3686400,2846941,1,1.29,80,15,4,19
184,managed-fullframe-lz4,2846941,3686400,2846941,1,1.29,85,15,4,19
185,managed-fullframe-lz4,2846884,3686400,2846884,1,1.29,77,16,3,20
186,managed-fullframe-lz4,2846884,3686400,2846884,1,1.29,78,18,5,23
187,managed-fullframe-lz4,2442327,3686400,2442327,1,1.51,66,19,4,23
188,managed-fullframe-lz4,2482455,3686400,2482455,1,1.48,68,22,4,26
189,managed-fullframe-lz4,2482455,3686400,2482455,1,1.48,77,19,4,23
190,managed-fullframe-lz4,2482455,3686400,2482455,1,1.48,67,22,4,26
191,managed-fullframe-lz4,2482493,3686400,2482493,1,1.48,67,19,3,23
192,managed-fullframe-lz4,2481633,3686400,2481633,1,1.49,67,22,4,26
193,managed-fullframe-lz4,2481648,3686400,2481648,1,1.49,67,19,3,23
194,managed-fullframe-lz4,2481647,3686400,2481647,1,1.49,68,22,4,26
195,managed-fullframe-lz4,2481647,3686400,2481647,1,1.49,67,19,4,23
196,managed-fullframe-lz4,2481647,3686400,2481647,1,1.49,67,22,4,26
197,managed-fullframe-lz4,2481647,3686400,2481647,1,1.49,68,19,4,24
198,managed-fullframe-lz4,2481647,3686400,2481647,1,1.49,67,19,4,23
199,managed-fullframe-lz4,2481647,3686400,2481647,1,1.49,67,22,5,27
200,managed-fullframe-lz4,2480973,3686400,2480973,1,1.49,67,19,4,24
201,managed-fullframe-lz4,2480973,3686400,2480973,1,1.49,67,22,4,26
202,managed-fullframe-lz4,2480973,3686400,2480973,1,1.49,67,19,4,23
203,managed-fullframe-lz4,2480973,3686400,2480973,1,1.49,67,22,4,26
204,managed-fullframe-lz4,2480243,3686400,2480243,1,1.49,67,19,4,23
205,managed-fullframe-lz4,2480243,3686400,2480243,1,1.49,67,22,4,27
206,managed-fullframe-lz4,2480243,3686400,2480243,1,1.49,67,19,4,23
207,managed-fullframe-lz4,2479422,3686400,2479422,1,1.49,67,22,4,26
208,managed-fullframe-lz4,2478540,3686400,2478540,1,1.49,77,19,3,23
209,managed-fullframe-lz4,2478540,3686400,2478540,1,1.49,67,19,4,23
210,managed-fullframe-lz4,2478540,3686400,2478540,1,1.49,68,19,4,23
211,managed-fullframe-lz4,2478540,3686400,2478540,1,1.49,67,19,4,23
212,managed-fullframe-lz4,2478540,3686400,2478540,1,1.49,67,22,4,26
213,managed-fullframe-lz4,2478540,3686400,2478540,1,1.49,68,19,3,23
214,managed-fullframe-lz4,2481903,3686400,2481903,1,1.49,68,22,4,26
215,managed-fullframe-lz4,2481521,3686400,2481521,1,1.49,67,19,4,23
216,managed-fullframe-lz4,2479388,3686400,2479388,1,1.49,67,22,4,26
217,managed-fullframe-lz4,2889993,3686400,2889993,1,1.28,78,10,3,14
218,managed-fullframe-lz4,1932645,3686400,1932645,1,1.91,52,10,4,14
219,managed-fullframe-lz4,1876363,3686400,1876363,1,1.96,52,12,4,16
220,managed-fullframe-lz4,1876420,3686400,1876420,1,1.96,53,10,4,14
221,managed-fullframe-lz4,1876420,3686400,1876420,1,1.96,51,10,4,15
222,managed-fullframe-lz4,1876420,3686400,1876420,1,1.96,51,10,4,14
223,managed-fullframe-lz4,1876420,3686400,1876420,1,1.96,51,10,4,14
224,managed-fullframe-lz4,1876363,3686400,1876363,1,1.96,50,10,4,14
225,managed-fullframe-lz4,1876363,3686400,1876363,1,1.96,50,10,4,15
226,managed-fullframe-lz4,1876363,3686400,1876363,1,1.96,51,10,4,14
227,managed-fullframe-lz4,1876363,3686400,1876363,1,1.96,50,10,4,14
228,managed-fullframe-lz4,1876362,3686400,1876362,1,1.96,50,10,4,15
229,managed-fullframe-lz4,1876362,3686400,1876362,1,1.96,50,10,4,15
230,managed-fullframe-lz4,1876362,3686400,1876362,1,1.96,51,10,4,14
231,managed-fullframe-lz4,1876362,3686400,1876362,1,1.96,51,11,4,15
232,managed-fullframe-lz4,2774353,3686400,2774353,1,1.33,81,10,4,14
233,managed-fullframe-lz4,427076,3686400,427076,1,8.63,16,5,4,9
234,managed-fullframe-lz4,435763,3686400,435763,1,8.46,15,5,4,9
235,managed-fullframe-lz4,442757,3686400,442757,1,8.33,13,5,4,9
236,managed-fullframe-lz4,442900,3686400,442900,1,8.32,13,5,4,9
237,managed-fullframe-lz4,442900,3686400,442900,1,8.32,13,5,4,10
238,managed-fullframe-lz4,442884,3686400,442884,1,8.32,14,5,4,9
239,managed-fullframe-lz4,442814,3686400,442814,1,8.32,13,5,4,10
240,managed-fullframe-lz4,442748,3686400,442748,1,8.33,14,5,4,9
241,managed-fullframe-lz4,442748,3686400,442748,1,8.33,13,5,4,9
242,managed-fullframe-lz4,442752,3686400,442752,1,8.33,14,5,4,9
243,managed-fullframe-lz4,442752,3686400,442752,1,8.33,13,5,4,10
244,managed-fullframe-lz4,442752,3686400,442752,1,8.33,13,5,4,9
245,managed-fullframe-lz4,442752,3686400,442752,1,8.33,13,5,4,9
246,managed-fullframe-lz4,442752,3686400,442752,1,8.33,13,5,4,9
247,managed-fullframe-lz4,442752,3686400,442752,1,8.33,13,5,5,10
248,managed-fullframe-lz4,442752,3686400,442752,1,8.33,13,5,4,9
249,managed-fullframe-lz4,442752,3686400,442752,1,8.33,13,5,4,9
250,managed-fullframe-lz4,442752,3686400,442752,1,8.33,13,5,5,10
251,managed-fullframe-lz4,442752,3686400,442752,1,8.33,13,5,4,9
252,managed-fullframe-lz4,442752,3686400,442752,1,8.33,14,5,4,9
253,managed-fullframe-lz4,442752,3686400,442752,1,8.33,13,5,4,9
254,managed-fullframe-lz4,442865,3686400,442865,1,8.32,13,5,4,10
255,managed-fullframe-lz4,442865,3686400,442865,1,8.32,13,5,4,9
256,managed-fullframe-lz4,442865,3686400,442865,1,8.32,13,5,4,9
257,managed-fullframe-lz4,442865,3686400,442865,1,8.32,13,5,4,9
258,managed-fullframe-lz4,442865,3686400,442865,1,8.32,13,5,4,9
259,managed-fullframe-lz4,442865,3686400,442865,1,8.32,13,5,4,9
260,managed-fullframe-lz4,442865,3686400,442865,1,8.32,13,5,4,9
261,managed-fullframe-lz4,442865,3686400,442865,1,8.32,13,5,4,9
262,managed-fullframe-lz4,442865,3686400,442865,1,8.32,13,5,4,10
263,managed-fullframe-lz4,447666,3686400,447666,1,8.23,13,5,4,9
264,managed-fullframe-lz4,447480,3686400,447480,1,8.24,13,5,4,9
265,managed-fullframe-lz4,447480,3686400,447480,1,8.24,13,5,4,9
266,managed-fullframe-lz4,446964,3686400,446964,1,8.25,13,5,4,10
267,managed-fullframe-lz4,445647,3686400,445647,1,8.27,13,5,4,9
268,managed-fullframe-lz4,441087,3686400,441087,1,8.36,13,5,5,10
269,managed-fullframe-lz4,440945,3686400,440945,1,8.36,13,5,4,9
270,managed-fullframe-lz4,440945,3686400,440945,1,8.36,13,5,4,9
271,managed-fullframe-lz4,440927,3686400,440927,1,8.36,13,5,4,9
272,managed-fullframe-lz4,440967,3686400,440967,1,8.36,13,5,4,10
273,managed-fullframe-lz4,440993,3686400,440993,1,8.36,14,5,4,9
274,managed-fullframe-lz4,440993,3686400,440993,1,8.36,13,5,4,9
275,managed-fullframe-lz4,440323,3686400,440323,1,8.37,13,5,4,9
276,managed-fullframe-lz4,440958,3686400,440958,1,8.36,13,5,4,9
277,managed-fullframe-lz4,441083,3686400,441083,1,8.36,13,5,4,9
278,managed-fullframe-lz4,441083,3686400,441083,1,8.36,13,5,4,9
279,managed-fullframe-lz4,441037,3686400,441037,1,8.36,13,5,4,9
280,managed-fullframe-lz4,440856,3686400,440856,1,8.36,13,5,4,9
281,managed-fullframe-lz4,440847,3686400,440847,1,8.36,13,5,5,10
282,managed-fullframe-lz4,440833,3686400,440833,1,8.36,13,5,4,9
283,managed-fullframe-lz4,440833,3686400,440833,1,8.36,13,5,4,9
284,managed-fullframe-lz4,440943,3686400,440943,1,8.36,13,5,4,9
285,managed-fullframe-lz4,440869,3686400,440869,1,8.36,13,5,4,9
286,managed-fullframe-lz4,436800,3686400,436800,1,8.44,13,5,4,9
287,managed-fullframe-lz4,436800,3686400,436800,1,8.44,13,5,4,9
288,managed-fullframe-lz4,436848,3686400,436848,1,8.44,13,5,4,9
289,managed-fullframe-lz4,507063,3686400,507063,1,7.27,15,6,4,10
290,managed-fullframe-lz4,529497,3686400,529497,1,6.96,16,6,4,10
291,managed-fullframe-lz4,529497,3686400,529497,1,6.96,15,6,4,10
292,managed-fullframe-lz4,529574,3686400,529574,1,6.96,15,6,4,10
293,managed-fullframe-lz4,531008,3686400,531008,1,6.94,15,6,4,10
294,managed-fullframe-lz4,526298,3686400,526298,1,7.00,15,6,4,10
295,managed-fullframe-lz4,526330,3686400,526330,1,7.00,15,6,4,10
296,managed-fullframe-lz4,526244,3686400,526244,1,7.01,16,6,4,10
297,managed-fullframe-lz4,526244,3686400,526244,1,7.01,15,6,4,11
298,managed-fullframe-lz4,526327,3686400,526327,1,7.00,15,6,4,10
299,managed-fullframe-lz4,526247,3686400,526247,1,7.01,15,6,4,10
300,managed-fullframe-lz4,1471147,3686400,1471147,1,2.51,41,12,4,17
301,managed-fullframe-lz4,1470854,3686400,1470854,1,2.51,42,12,4,16
302,managed-fullframe-lz4,1465043,3686400,1465043,1,2.52,40,12,4,16
303,managed-fullframe-lz4,1464840,3686400,1464840,1,2.52,40,12,4,16
304,managed-fullframe-lz4,526503,3686400,526503,1,7.00,16,6,4,10
305,managed-fullframe-lz4,526376,3686400,526376,1,7.00,15,6,4,10
306,managed-fullframe-lz4,526355,3686400,526355,1,7.00,15,6,4,10
307,managed-fullframe-lz4,526375,3686400,526375,1,7.00,15,6,5,12
308,managed-fullframe-lz4,526363,3686400,526363,1,7.00,15,6,4,10
309,managed-fullframe-lz4,526392,3686400,526392,1,7.00,16,6,4,10
310,managed-fullframe-lz4,526400,3686400,526400,1,7.00,15,6,4,10
311,managed-fullframe-lz4,526446,3686400,526446,1,7.00,16,6,4,10
312,managed-fullframe-lz4,526446,3686400,526446,1,7.00,15,6,4,10
313,managed-fullframe-lz4,526449,3686400,526449,1,7.00,15,6,4,10
314,managed-fullframe-lz4,526501,3686400,526501,1,7.00,15,6,4,10
315,managed-fullframe-lz4,526474,3686400,526474,1,7.00,16,6,4,10
316,managed-fullframe-lz4,526482,3686400,526482,1,7.00,15,6,4,10
317,managed-fullframe-lz4,526312,3686400,526312,1,7.00,15,6,4,10
318,managed-fullframe-lz4,526312,3686400,526312,1,7.00,15,6,4,10
319,managed-fullframe-lz4,526252,3686400,526252,1,7.01,15,6,4,10
320,managed-fullframe-lz4,526252,3686400,526252,1,7.01,15,6,4,10
321,managed-fullframe-lz4,526226,3686400,526226,1,7.01,16,6,4,10
322,managed-fullframe-lz4,526528,3686400,526528,1,7.00,16,6,4,10
323,managed-fullframe-lz4,526486,3686400,526486,1,7.00,15,6,4,10
324,managed-fullframe-lz4,526514,3686400,526514,1,7.00,15,6,4,10
325,managed-fullframe-lz4,526514,3686400,526514,1,7.00,15,6,4,10
326,managed-fullframe-lz4,526488,3686400,526488,1,7.00,15,6,4,10
327,managed-fullframe-lz4,526466,3686400,526466,1,7.00,15,6,4,10
328,managed-fullframe-lz4,526395,3686400,526395,1,7.00,15,6,4,10
329,managed-fullframe-lz4,526382,3686400,526382,1,7.00,15,6,4,10
330,managed-fullframe-lz4,526444,3686400,526444,1,7.00,15,6,4,10
331,managed-fullframe-lz4,526444,3686400,526444,1,7.00,16,6,4,10
332,managed-fullframe-lz4,526385,3686400,526385,1,7.00,15,6,4,10
333,managed-fullframe-lz4,526379,3686400,526379,1,7.00,15,6,4,10
334,managed-fullframe-lz4,651283,3686400,651283,1,5.66,18,7,4,12
335,managed-fullframe-lz4,651568,3686400,651568,1,5.66,19,7,4,12
336,managed-fullframe-lz4,651568,3686400,651568,1,5.66,19,7,4,12
337,managed-fullframe-lz4,651553,3686400,651553,1,5.66,18,7,4,12
338,managed-fullframe-lz4,651496,3686400,651496,1,5.66,19,7,4,12
339,managed-fullframe-lz4,651591,3686400,651591,1,5.66,18,7,4,12
340,managed-fullframe-lz4,651547,3686400,651547,1,5.66,19,7,4,12
341,managed-fullframe-lz4,651537,3686400,651537,1,5.66,19,7,4,12
342,managed-fullframe-lz4,651481,3686400,651481,1,5.66,18,7,4,12
343,managed-fullframe-lz4,651515,3686400,651515,1,5.66,18,7,4,12
344,managed-fullframe-lz4,651501,3686400,651501,1,5.66,19,8,4,12
345,managed-fullframe-lz4,651276,3686400,651276,1,5.66,19,7,4,12
346,managed-fullframe-lz4,651541,3686400,651541,1,5.66,19,7,4,12
347,managed-fullframe-lz4,651513,3686400,651513,1,5.66,18,7,4,12
348,managed-fullframe-lz4,651481,3686400,651481,1,5.66,19,7,4,12
349,managed-fullframe-lz4,651541,3686400,651541,1,5.66,19,7,4,12
350,managed-fullframe-lz4,651532,3686400,651532,1,5.66,19,7,4,12
351,managed-fullframe-lz4,651462,3686400,651462,1,5.66,19,7,5,13
352,managed-fullframe-lz4,651473,3686400,651473,1,5.66,19,7,4,12
353,managed-fullframe-lz4,651545,3686400,651545,1,5.66,19,8,4,12
354,managed-fullframe-lz4,651432,3686400,651432,1,5.66,18,8,4,12
355,managed-fullframe-lz4,651185,3686400,651185,1,5.66,19,7,4,12
356,managed-fullframe-lz4,651159,3686400,651159,1,5.66,18,7,4,12
357,managed-fullframe-lz4,651159,3686400,651159,1,5.66,19,7,4,12
358,managed-fullframe-lz4,651159,3686400,651159,1,5.66,18,8,4,12
359,managed-fullframe-lz4,651159,3686400,651159,1,5.66,18,8,4,12
360,managed-fullframe-lz4,651159,3686400,651159,1,5.66,18,7,4,12
361,managed-fullframe-lz4,651159,3686400,651159,1,5.66,18,7,4,12
362,managed-fullframe-lz4,651159,3686400,651159,1,5.66,19,7,4,12
363,managed-fullframe-lz4,651159,3686400,651159,1,5.66,18,7,4,12
364,managed-fullframe-lz4,651159,3686400,651159,1,5.66,19,7,4,12
365,managed-fullframe-lz4,651159,3686400,651159,1,5.66,19,7,4,12
366,managed-fullframe-lz4,651159,3686400,651159,1,5.66,18,7,4,12
367,managed-fullframe-lz4,651207,3686400,651207,1,5.66,19,7,4,12
368,managed-fullframe-lz4,651344,3686400,651344,1,5.66,18,7,4,12
369,managed-fullframe-lz4,651403,3686400,651403,1,5.66,19,7,4,12
370,managed-fullframe-lz4,651386,3686400,651386,1,5.66,18,7,4,12
371,managed-fullframe-lz4,651375,3686400,651375,1,5.66,19,7,4,12
372,managed-fullframe-lz4,651375,3686400,651375,1,5.66,19,7,4,12
373,managed-fullframe-lz4,651450,3686400,651450,1,5.66,19,8,4,12
374,managed-fullframe-lz4,651450,3686400,651450,1,5.66,18,7,4,12
375,managed-fullframe-lz4,651450,3686400,651450,1,5.66,19,8,4,12
376,managed-fullframe-lz4,651450,3686400,651450,1,5.66,19,7,4,12
377,managed-fullframe-lz4,651410,3686400,651410,1,5.66,18,7,4,12
378,managed-fullframe-lz4,674007,3686400,674007,1,5.47,19,8,4,12
379,managed-fullframe-lz4,718445,3686400,718445,1,5.13,20,8,4,13
380,managed-fullframe-lz4,738315,3686400,738315,1,4.99,21,9,4,13
381,managed-fullframe-lz4,659397,3686400,659397,1,5.59,19,8,4,12
382,managed-fullframe-lz4,630788,3686400,630788,1,5.84,18,7,4,12
383,managed-fullframe-lz4,632643,3686400,632643,1,5.83,18,7,4,11
384,managed-fullframe-lz4,647740,3686400,647740,1,5.69,18,7,4,12
385,managed-fullframe-lz4,651554,3686400,651554,1,5.66,20,8,4,12
386,managed-fullframe-lz4,651542,3686400,651542,1,5.66,18,7,4,12
387,managed-fullframe-lz4,651371,3686400,651371,1,5.66,18,7,4,12
388,managed-fullframe-lz4,651379,3686400,651379,1,5.66,19,8,4,12
389,managed-fullframe-lz4,651505,3686400,651505,1,5.66,19,7,4,12
390,managed-fullframe-lz4,651492,3686400,651492,1,5.66,18,7,4,12
391,managed-fullframe-lz4,651567,3686400,651567,1,5.66,19,7,4,12
392,managed-fullframe-lz4,651510,3686400,651510,1,5.66,19,7,4,12
393,managed-fullframe-lz4,651504,3686400,651504,1,5.66,19,7,4,12
394,managed-fullframe-lz4,651539,3686400,651539,1,5.66,19,7,5,13
395,managed-fullframe-lz4,651263,3686400,651263,1,5.66,19,7,4,12
396,managed-fullframe-lz4,651577,3686400,651577,1,5.66,19,7,4,12
397,managed-fullframe-lz4,651345,3686400,651345,1,5.66,18,7,4,12
398,managed-fullframe-lz4,651467,3686400,651467,1,5.66,19,7,4,12
399,managed-fullframe-lz4,651333,3686400,651333,1,5.66,19,7,4,12
400,managed-fullframe-lz4,651226,3686400,651226,1,5.66,18,8,4,12
401,managed-fullframe-lz4,651310,3686400,651310,1,5.66,19,7,4,12
402,managed-fullframe-lz4,651352,3686400,651352,1,5.66,18,7,4,12
403,managed-fullframe-lz4,651413,3686400,651413,1,5.66,18,7,4,12
404,managed-fullframe-lz4,651363,3686400,651363,1,5.66,18,8,4,12
405,managed-fullframe-lz4,651172,3686400,651172,1,5.66,19,7,4,12
406,managed-fullframe-lz4,652851,3686400,652851,1,5.65,19,8,4,12
407,managed-fullframe-lz4,708759,3686400,708759,1,5.20,20,8,4,13
408,managed-fullframe-lz4,726446,3686400,726446,1,5.07,20,8,4,13
409,managed-fullframe-lz4,740163,3686400,740163,1,4.98,21,9,4,13
410,managed-fullframe-lz4,737456,3686400,737456,1,5.00,21,9,4,13
411,managed-fullframe-lz4,734028,3686400,734028,1,5.02,21,9,4,14
412,managed-fullframe-lz4,734028,3686400,734028,1,5.02,20,9,4,13
413,managed-fullframe-lz4,734028,3686400,734028,1,5.02,21,9,4,13
414,managed-fullframe-lz4,734028,3686400,734028,1,5.02,21,9,4,13
415,managed-fullframe-lz4,734028,3686400,734028,1,5.02,20,9,4,13
416,managed-fullframe-lz4,734025,3686400,734025,1,5.02,20,9,4,14
417,managed-fullframe-lz4,734041,3686400,734041,1,5.02,21,9,4,13
418,managed-fullframe-lz4,734079,3686400,734079,1,5.02,21,9,4,13
419,managed-fullframe-lz4,735693,3686400,735693,1,5.01,21,9,4,13
420,managed-fullframe-lz4,736002,3686400,736002,1,5.01,21,9,4,14
421,managed-fullframe-lz4,735918,3686400,735918,1,5.01,20,9,5,14
422,managed-fullframe-lz4,735874,3686400,735874,1,5.01,21,9,4,13
423,managed-fullframe-lz4,735843,3686400,735843,1,5.01,20,9,4,13
424,managed-fullframe-lz4,735821,3686400,735821,1,5.01,21,9,4,13
425,managed-fullframe-lz4,735826,3686400,735826,1,5.01,21,9,4,13
426,managed-fullframe-lz4,735853,3686400,735853,1,5.01,20,9,4,14
427,managed-fullframe-lz4,735954,3686400,735954,1,5.01,21,8,3,12
428,managed-fullframe-lz4,735954,3686400,735954,1,5.01,21,8,3,12
429,managed-fullframe-lz4,735954,3686400,735954,1,5.01,21,9,4,13
430,managed-fullframe-lz4,735954,3686400,735954,1,5.01,21,9,4,13
431,managed-fullframe-lz4,735954,3686400,735954,1,5.01,21,9,4,13
432,managed-fullframe-lz4,735954,3686400,735954,1,5.01,21,9,4,13
433,managed-fullframe-lz4,735954,3686400,735954,1,5.01,21,9,4,13
434,managed-fullframe-lz4,735932,3686400,735932,1,5.01,21,9,4,13
435,managed-fullframe-lz4,735862,3686400,735862,1,5.01,21,9,4,13
436,managed-fullframe-lz4,735956,3686400,735956,1,5.01,21,9,4,13
437,managed-fullframe-lz4,735956,3686400,735956,1,5.01,21,9,4,13
438,managed-fullframe-lz4,735810,3686400,735810,1,5.01,21,9,4,13
439,managed-fullframe-lz4,735699,3686400,735699,1,5.01,21,9,4,13
440,managed-fullframe-lz4,735745,3686400,735745,1,5.01,21,9,4,13
441,managed-fullframe-lz4,735926,3686400,735926,1,5.01,21,9,4,13
442,managed-fullframe-lz4,735987,3686400,735987,1,5.01,21,9,4,13
443,managed-fullframe-lz4,735967,3686400,735967,1,5.01,21,9,4,13
444,managed-fullframe-lz4,735969,3686400,735969,1,5.01,21,9,4,13
445,managed-fullframe-lz4,735969,3686400,735969,1,5.01,21,9,4,13
446,managed-fullframe-lz4,735969,3686400,735969,1,5.01,20,9,4,13
447,managed-fullframe-lz4,735969,3686400,735969,1,5.01,21,9,4,13
448,managed-fullframe-lz4,735994,3686400,735994,1,5.01,21,9,4,13
449,managed-fullframe-lz4,735987,3686400,735987,1,5.01,21,9,4,13
450,managed-fullframe-lz4,735978,3686400,735978,1,5.01,21,9,4,13
451,managed-fullframe-lz4,735966,3686400,735966,1,5.01,21,9,4,13
452,managed-fullframe-lz4,735966,3686400,735966,1,5.01,21,9,4,13
453,managed-fullframe-lz4,735966,3686400,735966,1,5.01,21,9,4,14
454,managed-fullframe-lz4,735966,3686400,735966,1,5.01,21,9,4,14
455,managed-fullframe-lz4,735966,3686400,735966,1,5.01,21,9,4,14
456,managed-fullframe-lz4,735966,3686400,735966,1,5.01,21,9,4,14
457,managed-fullframe-lz4,735966,3686400,735966,1,5.01,21,9,4,13
458,managed-fullframe-lz4,735858,3686400,735858,1,5.01,21,9,4,13
459,managed-fullframe-lz4,735926,3686400,735926,1,5.01,21,9,4,13
460,managed-fullframe-lz4,735744,3686400,735744,1,5.01,21,9,4,13
461,managed-fullframe-lz4,735839,3686400,735839,1,5.01,21,9,4,13
462,managed-fullframe-lz4,735772,3686400,735772,1,5.01,21,9,4,13
463,managed-fullframe-lz4,735772,3686400,735772,1,5.01,21,9,5,14
464,managed-fullframe-lz4,735772,3686400,735772,1,5.01,21,9,4,13
465,managed-fullframe-lz4,735772,3686400,735772,1,5.01,21,9,4,13
466,managed-fullframe-lz4,735772,3686400,735772,1,5.01,21,9,4,13
467,managed-fullframe-lz4,735772,3686400,735772,1,5.01,21,9,4,13
468,managed-fullframe-lz4,735772,3686400,735772,1,5.01,21,9,4,13
469,managed-fullframe-lz4,735772,3686400,735772,1,5.01,20,9,4,14
470,managed-fullframe-lz4,735772,3686400,735772,1,5.01,21,9,4,13
471,managed-fullframe-lz4,735510,3686400,735510,1,5.01,21,9,4,13
472,managed-fullframe-lz4,719354,3686400,719354,1,5.12,20,9,4,13
473,managed-fullframe-lz4,662387,3686400,662387,1,5.57,19,8,4,12
474,managed-fullframe-lz4,520073,3686400,520073,1,7.09,15,6,4,10
475,managed-fullframe-lz4,520073,3686400,520073,1,7.09,15,6,4,10
476,managed-fullframe-lz4,538400,3686400,538400,1,6.85,16,6,4,11
477,managed-fullframe-lz4,539634,3686400,539634,1,6.83,16,6,4,11
478,managed-fullframe-lz4,539427,3686400,539427,1,6.83,16,6,4,11
479,managed-fullframe-lz4,539427,3686400,539427,1,6.83,16,6,4,11
480,managed-fullframe-lz4,539427,3686400,539427,1,6.83,15,6,4,11
481,managed-fullframe-lz4,539427,3686400,539427,1,6.83,16,6,4,10
482,managed-fullframe-lz4,539427,3686400,539427,1,6.83,16,6,4,10
483,managed-fullframe-lz4,539427,3686400,539427,1,6.83,16,6,4,11
484,managed-fullframe-lz4,539427,3686400,539427,1,6.83,16,6,4,11
485,managed-fullframe-lz4,539427,3686400,539427,1,6.83,16,6,4,11
486,managed-fullframe-lz4,539417,3686400,539417,1,6.83,16,6,4,11
487,managed-fullframe-lz4,539421,3686400,539421,1,6.83,16,6,4,11
488,managed-fullframe-lz4,539528,3686400,539528,1,6.83,16,6,4,11
489,managed-fullframe-lz4,539528,3686400,539528,1,6.83,16,6,4,11
490,managed-fullframe-lz4,539668,3686400,539668,1,6.83,16,6,4,10
491,managed-fullframe-lz4,539472,3686400,539472,1,6.83,16,6,4,10
492,managed-fullframe-lz4,539502,3686400,539502,1,6.83,16,6,4,10
493,managed-fullframe-lz4,539522,3686400,539522,1,6.83,16,6,4,10
494,managed-fullframe-lz4,539519,3686400,539519,1,6.83,16,6,4,10
495,managed-fullframe-lz4,539519,3686400,539519,1,6.83,16,6,4,10
496,managed-fullframe-lz4,539519,3686400,539519,1,6.83,16,6,4,10
497,managed-fullframe-lz4,539519,3686400,539519,1,6.83,15,6,4,10
498,managed-fullframe-lz4,539519,3686400,539519,1,6.83,16,6,4,10
499,managed-fullframe-lz4,539519,3686400,539519,1,6.83,15,6,4,10
500,managed-fullframe-lz4,539519,3686400,539519,1,6.83,16,6,5,11
501,managed-fullframe-lz4,539604,3686400,539604,1,6.83,16,6,4,10
502,managed-fullframe-lz4,539557,3686400,539557,1,6.83,15,7,4,11
503,managed-fullframe-lz4,539630,3686400,539630,1,6.83,16,6,4,11
504,managed-fullframe-lz4,539792,3686400,539792,1,6.83,16,6,4,10
505,managed-fullframe-lz4,539937,3686400,539937,1,6.83,17,6,4,10
506,managed-fullframe-lz4,539346,3686400,539346,1,6.83,16,6,4,10
507,managed-fullframe-lz4,539145,3686400,539145,1,6.84,16,6,4,10
508,managed-fullframe-lz4,539196,3686400,539196,1,6.84,16,6,4,10
509,managed-fullframe-lz4,539196,3686400,539196,1,6.84,16,6,4,11
510,managed-fullframe-lz4,539155,3686400,539155,1,6.84,16,6,4,11
511,managed-fullframe-lz4,538983,3686400,538983,1,6.84,15,6,4,11
512,managed-fullframe-lz4,536540,3686400,536540,1,6.87,16,6,4,11
513,managed-fullframe-lz4,536540,3686400,536540,1,6.87,17,6,4,11
514,managed-fullframe-lz4,538130,3686400,538130,1,6.85,16,6,5,11
515,managed-fullframe-lz4,538130,3686400,538130,1,6.85,15,6,4,11
516,managed-fullframe-lz4,538284,3686400,538284,1,6.85,15,6,4,11
517,managed-fullframe-lz4,538082,3686400,538082,1,6.85,16,6,4,11
518,managed-fullframe-lz4,538104,3686400,538104,1,6.85,16,6,4,11
519,managed-fullframe-lz4,537992,3686400,537992,1,6.85,16,6,4,11
520,managed-fullframe-lz4,553027,3686400,553027,1,6.67,17,6,4,11
521,managed-fullframe-lz4,554524,3686400,554524,1,6.65,16,6,4,11
522,managed-fullframe-lz4,554524,3686400,554524,1,6.65,16,6,4,11
523,managed-fullframe-lz4,554573,3686400,554573,1,6.65,16,6,4,11
524,managed-fullframe-lz4,554794,3686400,554794,1,6.64,16,6,4,11
525,managed-fullframe-lz4,554797,3686400,554797,1,6.64,16,6,4,10
526,managed-fullframe-lz4,554608,3686400,554608,1,6.65,16,6,4,11
527,managed-fullframe-lz4,557357,3686400,557357,1,6.61,16,6,4,11
528,managed-fullframe-lz4,619496,3686400,619496,1,5.95,18,7,5,12
529,managed-fullframe-lz4,619474,3686400,619474,1,5.95,18,7,4,11
530,managed-fullframe-lz4,619564,3686400,619564,1,5.95,18,7,4,11
531,managed-fullframe-lz4,619793,3686400,619793,1,5.95,18,7,5,12
532,managed-fullframe-lz4,619793,3686400,619793,1,5.95,18,7,4,12
533,managed-fullframe-lz4,619995,3686400,619995,1,5.95,18,7,4,12
534,managed-fullframe-lz4,619955,3686400,619955,1,5.95,18,7,4,11
535,managed-fullframe-lz4,630654,3686400,630654,1,5.85,18,6,4,11
536,managed-fullframe-lz4,631531,3686400,631531,1,5.84,17,6,4,10
537,managed-fullframe-lz4,631514,3686400,631514,1,5.84,19,6,4,11
538,managed-fullframe-lz4,631562,3686400,631562,1,5.84,18,7,4,11
539,managed-fullframe-lz4,631112,3686400,631112,1,5.84,18,7,4,11
540,managed-fullframe-lz4,631115,3686400,631115,1,5.84,18,6,4,11
541,managed-fullframe-lz4,631170,3686400,631170,1,5.84,18,7,4,11
542,managed-fullframe-lz4,631237,3686400,631237,1,5.84,18,6,4,11
543,managed-fullframe-lz4,631230,3686400,631230,1,5.84,18,6,4,11
544,managed-fullframe-lz4,631140,3686400,631140,1,5.84,18,7,4,12
545,managed-fullframe-lz4,631096,3686400,631096,1,5.84,18,6,4,11
546,managed-fullframe-lz4,692739,3686400,692739,1,5.32,20,7,4,12
547,managed-fullframe-lz4,704095,3686400,704095,1,5.24,20,7,4,11
548,managed-fullframe-lz4,702757,3686400,702757,1,5.25,20,7,4,11
549,managed-fullframe-lz4,699165,3686400,699165,1,5.27,20,7,4,12
550,managed-fullframe-lz4,689191,3686400,689191,1,5.35,20,7,4,11
551,managed-fullframe-lz4,681080,3686400,681080,1,5.41,19,7,4,11
552,managed-fullframe-lz4,679445,3686400,679445,1,5.43,20,7,4,11
553,managed-fullframe-lz4,679303,3686400,679303,1,5.43,19,7,4,11
554,managed-fullframe-lz4,679455,3686400,679455,1,5.43,19,7,4,12
555,managed-fullframe-lz4,679367,3686400,679367,1,5.43,20,7,4,11
556,managed-fullframe-lz4,679396,3686400,679396,1,5.43,20,7,4,11
557,managed-fullframe-lz4,679421,3686400,679421,1,5.43,20,7,4,11
558,managed-fullframe-lz4,679443,3686400,679443,1,5.43,19,7,4,11
559,managed-fullframe-lz4,679403,3686400,679403,1,5.43,19,7,4,12
560,managed-fullframe-lz4,679389,3686400,679389,1,5.43,19,7,4,11
561,managed-fullframe-lz4,679274,3686400,679274,1,5.43,19,7,4,12
562,managed-fullframe-lz4,679456,3686400,679456,1,5.43,19,7,4,11
563,managed-fullframe-lz4,679244,3686400,679244,1,5.43,19,7,4,11
564,managed-fullframe-lz4,679244,3686400,679244,1,5.43,19,7,4,11
565,managed-fullframe-lz4,679244,3686400,679244,1,5.43,19,7,4,11
566,managed-fullframe-lz4,679244,3686400,679244,1,5.43,19,7,4,11
567,managed-fullframe-lz4,679244,3686400,679244,1,5.43,19,7,4,11
568,managed-fullframe-lz4,679244,3686400,679244,1,5.43,19,7,4,11
569,managed-fullframe-lz4,679244,3686400,679244,1,5.43,19,7,4,11
570,managed-fullframe-lz4,679244,3686400,679244,1,5.43,19,7,4,11
571,managed-fullframe-lz4,679244,3686400,679244,1,5.43,19,7,4,11
572,managed-fullframe-lz4,679421,3686400,679421,1,5.43,19,7,4,11
573,managed-fullframe-lz4,679263,3686400,679263,1,5.43,20,7,4,11
574,managed-fullframe-lz4,679462,3686400,679462,1,5.43,20,7,4,11
575,managed-fullframe-lz4,679448,3686400,679448,1,5.43,19,7,4,11
576,managed-fullframe-lz4,679474,3686400,679474,1,5.43,19,7,4,11
577,managed-fullframe-lz4,679474,3686400,679474,1,5.43,19,7,4,11
578,managed-fullframe-lz4,679474,3686400,679474,1,5.43,19,7,4,11
579,managed-fullframe-lz4,679474,3686400,679474,1,5.43,20,7,4,11
580,managed-fullframe-lz4,679474,3686400,679474,1,5.43,20,7,4,11
581,managed-fullframe-lz4,679474,3686400,679474,1,5.43,19,7,4,11
582,managed-fullframe-lz4,679474,3686400,679474,1,5.43,19,7,4,11
583,managed-fullframe-lz4,679474,3686400,679474,1,5.43,19,7,4,11
584,managed-fullframe-lz4,679474,3686400,679474,1,5.43,19,7,5,12
585,managed-fullframe-lz4,679474,3686400,679474,1,5.43,19,7,4,11
586,managed-fullframe-lz4,679474,3686400,679474,1,5.43,20,7,4,11
587,managed-fullframe-lz4,679474,3686400,679474,1,5.43,20,7,4,11
588,managed-fullframe-lz4,679470,3686400,679470,1,5.43,19,7,4,11
589,managed-fullframe-lz4,679480,3686400,679480,1,5.43,19,7,4,11
590,managed-fullframe-lz4,679479,3686400,679479,1,5.43,19,7,4,11
591,managed-fullframe-lz4,679095,3686400,679095,1,5.43,19,7,4,11
592,managed-fullframe-lz4,679356,3686400,679356,1,5.43,19,7,4,11
593,managed-fullframe-lz4,636281,3686400,636281,1,5.79,18,7,4,12
594,managed-fullframe-lz4,618934,3686400,618934,1,5.96,17,7,4,11
595,managed-fullframe-lz4,663690,3686400,663690,1,5.55,19,7,4,11
596,managed-fullframe-lz4,674747,3686400,674747,1,5.46,19,7,4,12
597,managed-fullframe-lz4,677291,3686400,677291,1,5.44,19,7,4,12
598,managed-fullframe-lz4,677816,3686400,677816,1,5.44,20,7,4,12
599,managed-fullframe-lz4,672108,3686400,672108,1,5.48,19,7,4,12
600,managed-fullframe-lz4,672164,3686400,672164,1,5.48,19,8,4,12
601,managed-fullframe-lz4,672170,3686400,672170,1,5.48,19,7,4,12
602,managed-fullframe-lz4,671992,3686400,671992,1,5.49,19,7,4,12
603,managed-fullframe-lz4,672026,3686400,672026,1,5.49,19,7,4,12
604,managed-fullframe-lz4,672084,3686400,672084,1,5.49,19,7,4,12
605,managed-fullframe-lz4,671989,3686400,671989,1,5.49,19,7,4,12
606,managed-fullframe-lz4,672218,3686400,672218,1,5.48,19,7,4,12
607,managed-fullframe-lz4,672143,3686400,672143,1,5.48,19,7,4,12
608,managed-fullframe-lz4,672143,3686400,672143,1,5.48,19,7,4,12
609,managed-fullframe-lz4,672143,3686400,672143,1,5.48,19,7,4,12
610,managed-fullframe-lz4,672143,3686400,672143,1,5.48,19,8,5,13
611,managed-fullframe-lz4,672153,3686400,672153,1,5.48,20,8,4,12
612,managed-fullframe-lz4,672249,3686400,672249,1,5.48,19,7,4,12
613,managed-fullframe-lz4,672273,3686400,672273,1,5.48,20,7,4,12
614,managed-fullframe-lz4,672304,3686400,672304,1,5.48,19,7,4,12
615,managed-fullframe-lz4,672188,3686400,672188,1,5.48,19,7,4,12
616,managed-fullframe-lz4,672223,3686400,672223,1,5.48,19,7,4,12
617,managed-fullframe-lz4,672214,3686400,672214,1,5.48,19,7,4,12
618,managed-fullframe-lz4,672186,3686400,672186,1,5.48,20,7,4,12
619,managed-fullframe-lz4,672225,3686400,672225,1,5.48,19,8,4,12
620,managed-fullframe-lz4,672060,3686400,672060,1,5.49,19,7,4,12
621,managed-fullframe-lz4,672638,3686400,672638,1,5.48,20,8,4,12
622,managed-fullframe-lz4,671664,3686400,671664,1,5.49,19,8,4,12
623,managed-fullframe-lz4,671565,3686400,671565,1,5.49,20,7,4,12
624,managed-fullframe-lz4,671565,3686400,671565,1,5.49,19,8,4,12
625,managed-fullframe-lz4,671565,3686400,671565,1,5.49,20,8,4,12
626,managed-fullframe-lz4,671565,3686400,671565,1,5.49,19,7,4,12
627,managed-fullframe-lz4,671565,3686400,671565,1,5.49,19,7,4,12
628,managed-fullframe-lz4,671565,3686400,671565,1,5.49,19,7,4,12
629,managed-fullframe-lz4,671565,3686400,671565,1,5.49,19,7,4,12
630,managed-fullframe-lz4,671657,3686400,671657,1,5.49,19,7,4,12
631,managed-fullframe-lz4,671657,3686400,671657,1,5.49,19,7,4,12
632,managed-fullframe-lz4,671675,3686400,671675,1,5.49,19,7,4,12
633,managed-fullframe-lz4,671675,3686400,671675,1,5.49,20,7,4,12
634,managed-fullframe-lz4,672155,3686400,672155,1,5.48,19,7,4,12
635,managed-fullframe-lz4,672235,3686400,672235,1,5.48,19,7,4,12
636,managed-fullframe-lz4,672235,3686400,672235,1,5.48,19,7,4,12
637,managed-fullframe-lz4,672235,3686400,672235,1,5.48,20,7,4,12
638,managed-fullframe-lz4,672235,3686400,672235,1,5.48,20,8,4,12
639,managed-fullframe-lz4,672235,3686400,672235,1,5.48,20,7,4,12
640,managed-fullframe-lz4,672235,3686400,672235,1,5.48,20,7,4,12
641,managed-fullframe-lz4,672235,3686400,672235,1,5.48,21,7,4,12
642,managed-fullframe-lz4,672235,3686400,672235,1,5.48,21,7,5,13
643,managed-fullframe-lz4,672235,3686400,672235,1,5.48,20,7,4,12
644,managed-fullframe-lz4,672235,3686400,672235,1,5.48,19,7,4,12
645,managed-fullframe-lz4,672235,3686400,672235,1,5.48,19,7,4,12
646,managed-fullframe-lz4,672235,3686400,672235,1,5.48,19,7,4,12
647,managed-fullframe-lz4,672235,3686400,672235,1,5.48,19,7,4,12
648,managed-fullframe-lz4,672235,3686400,672235,1,5.48,19,7,4,12
649,managed-fullframe-lz4,1137468,3686400,1137468,1,3.24,32,12,4,16
650,managed-fullframe-lz4,1385380,3686400,1385380,1,2.66,50,12,4,16
651,managed-fullframe-lz4,1457047,3686400,1457047,1,2.53,40,12,4,16
652,managed-fullframe-lz4,1467365,3686400,1467365,1,2.51,40,12,4,16
653,managed-fullframe-lz4,1466721,3686400,1466721,1,2.51,41,12,4,16
654,managed-fullframe-lz4,1466721,3686400,1466721,1,2.51,40,12,4,16
655,managed-fullframe-lz4,1466760,3686400,1466760,1,2.51,40,12,4,16
656,managed-fullframe-lz4,1466408,3686400,1466408,1,2.51,40,12,4,16
657,managed-fullframe-lz4,1466593,3686400,1466593,1,2.51,40,12,4,16
658,managed-fullframe-lz4,1466620,3686400,1466620,1,2.51,41,12,4,16
659,managed-fullframe-lz4,1466499,3686400,1466499,1,2.51,39,12,4,16
660,managed-fullframe-lz4,1466541,3686400,1466541,1,2.51,41,12,4,16
661,managed-fullframe-lz4,1466558,3686400,1466558,1,2.51,40,12,4,16
662,managed-fullframe-lz4,1466575,3686400,1466575,1,2.51,39,12,4,16
663,managed-fullframe-lz4,1466668,3686400,1466668,1,2.51,40,12,4,16
664,managed-fullframe-lz4,1466537,3686400,1466537,1,2.51,40,12,4,16
665,managed-fullframe-lz4,1466649,3686400,1466649,1,2.51,39,12,4,16
666,managed-fullframe-lz4,1466248,3686400,1466248,1,2.51,40,12,4,16
667,managed-fullframe-lz4,1466248,3686400,1466248,1,2.51,40,12,4,16
668,managed-fullframe-lz4,1466248,3686400,1466248,1,2.51,40,12,4,16
669,managed-fullframe-lz4,1466248,3686400,1466248,1,2.51,40,12,4,16
670,managed-fullframe-lz4,1466248,3686400,1466248,1,2.51,40,12,4,16
671,managed-fullframe-lz4,1466248,3686400,1466248,1,2.51,40,12,4,16
672,managed-fullframe-lz4,1466248,3686400,1466248,1,2.51,40,12,4,16
673,managed-fullframe-lz4,1466248,3686400,1466248,1,2.51,40,12,4,16
674,managed-fullframe-lz4,1466248,3686400,1466248,1,2.51,40,12,4,16
675,managed-fullframe-lz4,1466248,3686400,1466248,1,2.51,40,12,4,16
676,managed-fullframe-lz4,1466248,3686400,1466248,1,2.51,40,12,4,16
677,managed-fullframe-lz4,1466248,3686400,1466248,1,2.51,40,12,4,16
678,managed-fullframe-lz4,1466248,3686400,1466248,1,2.51,40,12,4,16
679,managed-fullframe-lz4,1466248,3686400,1466248,1,2.51,40,12,4,17
680,managed-fullframe-lz4,1466248,3686400,1466248,1,2.51,40,12,4,16
681,managed-fullframe-lz4,1466248,3686400,1466248,1,2.51,40,12,4,16
682,managed-fullframe-lz4,1466248,3686400,1466248,1,2.51,39,12,4,16
683,managed-fullframe-lz4,1466248,3686400,1466248,1,2.51,40,12,4,16
684,managed-fullframe-lz4,1466248,3686400,1466248,1,2.51,39,12,4,16
685,managed-fullframe-lz4,1466248,3686400,1466248,1,2.51,40,12,4,17
686,managed-fullframe-lz4,1466248,3686400,1466248,1,2.51,40,12,4,16
687,managed-fullframe-lz4,1466248,3686400,1466248,1,2.51,40,12,4,16
688,managed-fullframe-lz4,1466248,3686400,1466248,1,2.51,40,12,4,16
689,managed-fullframe-lz4,1466248,3686400,1466248,1,2.51,39,12,4,16
690,managed-fullframe-lz4,1466248,3686400,1466248,1,2.51,40,12,4,16
691,managed-fullframe-lz4,1466248,3686400,1466248,1,2.51,40,14,4,18
692,managed-fullframe-lz4,1466248,3686400,1466248,1,2.51,40,12,4,16
693,managed-fullframe-lz4,1466248,3686400,1466248,1,2.51,40,12,4,16
694,managed-fullframe-lz4,1466248,3686400,1466248,1,2.51,40,12,4,16
695,managed-fullframe-lz4,1466248,3686400,1466248,1,2.51,39,12,4,17
696,managed-fullframe-lz4,1466248,3686400,1466248,1,2.51,39,12,4,16
697,managed-fullframe-lz4,1466248,3686400,1466248,1,2.51,40,12,4,16
698,managed-fullframe-lz4,1466248,3686400,1466248,1,2.51,39,12,4,16
699,managed-fullframe-lz4,1466248,3686400,1466248,1,2.51,39,12,4,16
700,managed-fullframe-lz4,1466248,3686400,1466248,1,2.51,40,12,4,16
701,managed-fullframe-lz4,1466248,3686400,1466248,1,2.51,39,12,4,16
702,managed-fullframe-lz4,1466248,3686400,1466248,1,2.51,40,12,4,16
703,managed-fullframe-lz4,1466248,3686400,1466248,1,2.51,40,12,4,16
704,managed-fullframe-lz4,1466248,3686400,1466248,1,2.51,40,12,4,16
705,managed-fullframe-lz4,1466248,3686400,1466248,1,2.51,40,12,4,16
706,managed-fullframe-lz4,1466248,3686400,1466248,1,2.51,40,12,4,16
707,managed-fullframe-lz4,1466248,3686400,1466248,1,2.51,39,12,4,16
708,managed-fullframe-lz4,1466248,3686400,1466248,1,2.51,40,12,4,16
709,managed-fullframe-lz4,1466248,3686400,1466248,1,2.51,40,12,4,17
710,managed-fullframe-lz4,1466248,3686400,1466248,1,2.51,40,12,4,16
711,managed-fullframe-lz4,1466248,3686400,1466248,1,2.51,40,12,4,16
712,managed-fullframe-lz4,1466248,3686400,1466248,1,2.51,39,12,4,16
713,managed-fullframe-lz4,1466248,3686400,1466248,1,2.51,41,12,4,16
714,managed-fullframe-lz4,1466248,3686400,1466248,1,2.51,40,12,4,16
715,managed-fullframe-lz4,1466248,3686400,1466248,1,2.51,39,12,4,16
716,managed-fullframe-lz4,1466248,3686400,1466248,1,2.51,40,12,4,16
717,managed-fullframe-lz4,1466248,3686400,1466248,1,2.51,40,12,4,16
718,managed-fullframe-lz4,1466248,3686400,1466248,1,2.51,40,12,4,17
719,managed-fullframe-lz4,1466248,3686400,1466248,1,2.51,40,12,4,16
720,managed-fullframe-lz4,1466248,3686400,1466248,1,2.51,39,12,4,16
721,managed-fullframe-lz4,1466248,3686400,1466248,1,2.51,40,12,4,16
722,managed-fullframe-lz4,1466248,3686400,1466248,1,2.51,40,12,4,16
723,managed-fullframe-lz4,1466248,3686400,1466248,1,2.51,40,12,4,16
724,managed-fullframe-lz4,1466248,3686400,1466248,1,2.51,40,12,4,16
725,managed-fullframe-lz4,1466248,3686400,1466248,1,2.51,39,12,4,16
726,managed-fullframe-lz4,1466248,3686400,1466248,1,2.51,40,12,4,16
727,managed-fullframe-lz4,1466248,3686400,1466248,1,2.51,39,12,4,16
728,managed-fullframe-lz4,1466248,3686400,1466248,1,2.51,40,12,4,17
729,managed-fullframe-lz4,1466248,3686400,1466248,1,2.51,40,12,4,16
730,managed-fullframe-lz4,1466248,3686400,1466248,1,2.51,40,12,4,16
731,managed-fullframe-lz4,1466248,3686400,1466248,1,2.51,40,12,4,16
732,managed-fullframe-lz4,1466248,3686400,1466248,1,2.51,40,12,4,16
733,managed-fullframe-lz4,1466248,3686400,1466248,1,2.51,41,12,4,16
734,managed-fullframe-lz4,1466248,3686400,1466248,1,2.51,39,12,4,16
735,managed-fullframe-lz4,1466248,3686400,1466248,1,2.51,40,12,4,16
736,managed-fullframe-lz4,1466248,3686400,1466248,1,2.51,40,12,4,16
737,managed-fullframe-lz4,1466248,3686400,1466248,1,2.51,40,12,4,16
738,managed-fullframe-lz4,1466248,3686400,1466248,1,2.51,40,12,4,16
739,managed-fullframe-lz4,1466248,3686400,1466248,1,2.51,39,12,4,16
740,managed-fullframe-lz4,1466248,3686400,1466248,1,2.51,40,12,4,16
741,managed-fullframe-lz4,1459512,3686400,1459512,1,2.53,40,12,4,16
742,managed-fullframe-lz4,1439004,3686400,1439004,1,2.56,40,12,4,17
743,managed-fullframe-lz4,1439004,3686400,1439004,1,2.56,40,12,4,16
744,managed-fullframe-lz4,1439004,3686400,1439004,1,2.56,39,12,4,16
745,managed-fullframe-lz4,1439004,3686400,1439004,1,2.56,40,12,4,16
746,managed-fullframe-lz4,1439004,3686400,1439004,1,2.56,40,12,4,16
747,managed-fullframe-lz4,1439004,3686400,1439004,1,2.56,39,12,4,16
748,managed-fullframe-lz4,1439004,3686400,1439004,1,2.56,38,12,4,17
749,managed-fullframe-lz4,1439004,3686400,1439004,1,2.56,39,12,3,16
750,managed-fullframe-lz4,1439004,3686400,1439004,1,2.56,39,12,4,16
751,managed-fullframe-lz4,1439004,3686400,1439004,1,2.56,39,12,4,16
752,managed-fullframe-lz4,1439004,3686400,1439004,1,2.56,39,12,4,16
753,managed-fullframe-lz4,1439004,3686400,1439004,1,2.56,39,12,4,16
754,managed-fullframe-lz4,1439004,3686400,1439004,1,2.56,39,12,4,16
755,managed-fullframe-lz4,1439004,3686400,1439004,1,2.56,39,12,4,16
756,managed-fullframe-lz4,1439004,3686400,1439004,1,2.56,39,12,4,16
757,managed-fullframe-lz4,1439004,3686400,1439004,1,2.56,40,12,4,16
758,managed-fullframe-lz4,1439004,3686400,1439004,1,2.56,39,12,4,16
759,managed-fullframe-lz4,1439004,3686400,1439004,1,2.56,39,12,4,16
760,managed-fullframe-lz4,1439004,3686400,1439004,1,2.56,39,12,4,16
761,managed-fullframe-lz4,1438970,3686400,1438970,1,2.56,39,12,4,16
762,managed-fullframe-lz4,1438970,3686400,1438970,1,2.56,39,12,4,16
763,managed-fullframe-lz4,1438970,3686400,1438970,1,2.56,39,12,4,16
764,managed-fullframe-lz4,1438970,3686400,1438970,1,2.56,39,12,4,16
765,managed-fullframe-lz4,1438970,3686400,1438970,1,2.56,39,12,4,16
766,managed-fullframe-lz4,1438970,3686400,1438970,1,2.56,39,12,4,16
767,managed-fullframe-lz4,1438970,3686400,1438970,1,2.56,39,12,4,16
768,managed-fullframe-lz4,1438970,3686400,1438970,1,2.56,39,12,4,16
769,managed-fullframe-lz4,1438970,3686400,1438970,1,2.56,39,12,4,17
770,managed-fullframe-lz4,1438970,3686400,1438970,1,2.56,39,12,4,16
771,managed-fullframe-lz4,1438970,3686400,1438970,1,2.56,39,12,4,16
772,managed-fullframe-lz4,1438970,3686400,1438970,1,2.56,39,12,4,16
773,managed-fullframe-lz4,1438970,3686400,1438970,1,2.56,39,12,4,16
774,managed-fullframe-lz4,1438970,3686400,1438970,1,2.56,39,12,4,16
775,managed-fullframe-lz4,1438970,3686400,1438970,1,2.56,39,12,4,16
776,managed-fullframe-lz4,1438970,3686400,1438970,1,2.56,39,12,4,16
777,managed-fullframe-lz4,1438970,3686400,1438970,1,2.56,39,12,4,16
778,managed-fullframe-lz4,1438970,3686400,1438970,1,2.56,39,12,4,16
779,managed-fullframe-lz4,1438970,3686400,1438970,1,2.56,39,12,4,16
780,managed-fullframe-lz4,1438970,3686400,1438970,1,2.56,39,12,4,16
781,managed-fullframe-lz4,1438970,3686400,1438970,1,2.56,39,12,4,16
782,managed-fullframe-lz4,1438970,3686400,1438970,1,2.56,40,12,4,16
783,managed-fullframe-lz4,1438970,3686400,1438970,1,2.56,39,12,4,17
784,managed-fullframe-lz4,1438970,3686400,1438970,1,2.56,39,12,4,16
785,managed-fullframe-lz4,1438970,3686400,1438970,1,2.56,39,12,4,16
786,managed-fullframe-lz4,1438970,3686400,1438970,1,2.56,39,12,4,16
787,managed-fullframe-lz4,1438970,3686400,1438970,1,2.56,39,12,4,16
788,managed-fullframe-lz4,1438970,3686400,1438970,1,2.56,40,12,4,16
789,managed-fullframe-lz4,1438970,3686400,1438970,1,2.56,39,12,4,16
790,managed-fullframe-lz4,1438970,3686400,1438970,1,2.56,39,12,4,16
791,managed-fullframe-lz4,1438970,3686400,1438970,1,2.56,40,12,4,16
792,managed-fullframe-lz4,1438970,3686400,1438970,1,2.56,39,12,4,16
793,managed-fullframe-lz4,1438970,3686400,1438970,1,2.56,39,12,4,16
794,managed-fullframe-lz4,1438970,3686400,1438970,1,2.56,39,12,4,16
795,managed-fullframe-lz4,1438970,3686400,1438970,1,2.56,39,12,4,16
796,managed-fullframe-lz4,1438970,3686400,1438970,1,2.56,39,12,4,16
797,managed-fullframe-lz4,1438970,3686400,1438970,1,2.56,39,12,4,16
798,managed-fullframe-lz4,1438970,3686400,1438970,1,2.56,39,12,4,16
799,managed-fullframe-lz4,1438970,3686400,1438970,1,2.56,39,12,4,16
800,managed-fullframe-lz4,1438970,3686400,1438970,1,2.56,39,12,4,16
801,managed-fullframe-lz4,1438970,3686400,1438970,1,2.56,39,12,4,17
802,managed-fullframe-lz4,1438970,3686400,1438970,1,2.56,40,12,4,16
803,managed-fullframe-lz4,1438970,3686400,1438970,1,2.56,39,12,4,16
804,managed-fullframe-lz4,1438970,3686400,1438970,1,2.56,39,12,4,16
805,managed-fullframe-lz4,1438970,3686400,1438970,1,2.56,39,12,4,16
806,managed-fullframe-lz4,1438970,3686400,1438970,1,2.56,39,12,4,16
807,managed-fullframe-lz4,1438970,3686400,1438970,1,2.56,39,12,4,16
808,managed-fullframe-lz4,1438970,3686400,1438970,1,2.56,42,12,4,16
809,A-solid,14467,3686400,14467,1,254.81,10,10,4,15
810,A-solid,14470,3686400,14470,1,254.76,10,7,4,11
811,A-solid,14470,3686400,14470,1,254.76,10,7,5,13
812,A-solid,14470,3686400,14470,1,254.76,10,7,4,12
813,A-solid,14470,3686400,14470,1,254.76,10,7,5,12
814,A-solid,14470,3686400,14470,1,254.76,10,7,4,12
815,B-motion,14470,3686400,14470,1,254.76,10,8,5,13
816,B-motion,14470,3686400,14470,1,254.76,10,7,4,12
817,B-motion,14470,3686400,14470,1,254.76,10,7,4,12
818,B-motion,14470,3686400,14470,1,254.76,11,7,4,12
819,B-motion,14467,3686400,14467,1,254.81,10,7,4,12
820,B-motion,14493,3686400,14493,1,254.36,10,4,4,9
821,B-motion,14493,3686400,14493,1,254.36,10,4,4,9
822,B-motion,14493,3686400,14493,1,254.36,10,4,5,9
823,B-motion,14493,3686400,14493,1,254.36,10,5,4,9
824,B-motion,14493,3686400,14493,1,254.36,10,5,4,10
825,B-motion,14493,3686400,14493,1,254.36,10,5,4,9
826,B-motion,14493,3686400,14493,1,254.36,10,4,4,8
827,B-motion,14493,3686400,14493,1,254.36,10,5,4,9
828,B-motion,14493,3686400,14493,1,254.36,10,4,4,8
829,B-motion,14467,3686400,14467,1,254.81,11,7,4,12
830,C-gradient-image-proxy,15906,3686400,15906,1,231.76,10,4,4,8
831,C-gradient-image-proxy,15906,3686400,15906,1,231.76,10,4,4,8
832,C-gradient-image-proxy,15906,3686400,15906,1,231.76,10,4,4,8
833,C-gradient-image-proxy,15906,3686400,15906,1,231.76,10,4,4,8
834,C-gradient-image-proxy,15906,3686400,15906,1,231.76,10,4,4,8
835,C-gradient-image-proxy,15906,3686400,15906,1,231.76,10,4,4,8
836,C-gradient-image-proxy,15906,3686400,15906,1,231.76,10,4,4,8
837,C-gradient-image-proxy,15906,3686400,15906,1,231.76,1,4,4,8
838,C-gradient-image-proxy,15906,3686400,15906,1,231.76,10,4,4,8
839,D-noise-high-entropy,14467,3686400,14467,1,254.81,10,7,4,12
840,D-noise-high-entropy,3686400,3686400,3686400,0,1.00,107,0,4,4
841,D-noise-high-entropy,14467,3686400,14467,1,254.81,10,7,4,12
842,D-noise-high-entropy,3686400,3686400,3686400,0,1.00,105,0,4,4
843,D-noise-high-entropy,3686400,3686400,3686400,0,1.00,114,0,4,4
844,D-noise-high-entropy,3686400,3686400,3686400,0,1.00,107,0,4,4
845,D-noise-high-entropy,3686400,3686400,3686400,0,1.00,113,0,4,4
846,D-noise-high-entropy,3686400,3686400,3686400,0,1.00,105,0,4,4
847,D-noise-high-entropy,3686400,3686400,3686400,0,1.00,105,0,4,4
848,D-noise-high-entropy,3686400,3686400,3686400,0,1.00,105,0,4,4
